FlightLegUtcId,Airline,FlightNumber,LegDepartureDateUtc,DepartureAirport,ArrivalAirport,ActualZeroFuelWeight,EstimatedZeroFuelWeight,DryOperatingWeight,MacZFW,ModTime,AircraftType,AircraftRegistration,FlightCancelled,CostIndex,TakeOffFuel,TripFuel
2024-01-01|KL|0601||AMS,KL,601,1/1/2024,AMS,LAX,166489,166523,133359,"316,791,046",2/1/2024 6:31,781,PHBKI,FALSE,10,61623,56519
2024-01-01|KL|0661||AMS,KL,661,1/1/2024,AMS,IAH,179610,180323,132717,"270,333,998",2/1/2024 6:31,781,PHBKM,FALSE,10,63698,56431
2024-01-01|KL|0835||AMS,KL,835,1/1/2024,AMS,SIN,210228,210648,172616,"34,911,745",2/1/2024 6:31,77W,PHBVG,FALSE,200,101230,91738
2024-01-01|KL|0855||AMS,KL,855,1/1/2024,AMS,ICN,186653,187287,148407,"314,936,163",2/1/2024 6:31,772,PHBQI,FALSE,20,78439,73011
2024-01-01|KL|0871||AMS,KL,871,1/1/2024,AMS,DEL,169356,170042,132232,"334,062,548",2/1/2024 6:31,781,PHBKA,FALSE,700,54024,42980
2024-01-01|KL|0879||AMS,KL,879,1/1/2024,AMS,BLR,161969,162356,127402,"315,135,784",2/1/2024 6:31,789,PHBHC,FALSE,10,49142,43333
2024-01-02|KL|0601||AMS,KL,601,2/1/2024,AMS,LAX,173380,175003,133040,"285,058,543",3/1/2024 6:33,781,PHBKL,FALSE,10,63392,58101
2024-01-02|KL|0605||AMS,KL,605,2/1/2024,AMS,SFO,164391,165345,128082,"30,206,189",3/1/2024 6:33,789,PHBHH,FALSE,10,59717,54838
2024-01-02|KL|0661||AMS,KL,661,2/1/2024,AMS,IAH,175827,176334,128058,"297,240,401",3/1/2024 6:33,789,PHBHP,FALSE,10,63373,56469
2024-01-02|KL|0835||AMS,KL,835,2/1/2024,AMS,SIN,216022,215716,172619,"315,999,484",3/1/2024 6:33,77W,PHBVD,FALSE,250,106784,96950
2024-01-02|KL|0871||AMS,KL,871,2/1/2024,AMS,DEL,211666,212089,169485,"344,947,981",3/1/2024 6:33,77W,PHBVV,FALSE,20,67320,54510
2024-01-03|KL|0601||AMS,KL,601,3/1/2024,AMS,LAX,174694,175429,133260,"255,030,986",4/1/2024 6:27,781,PHBKK,FALSE,10,63846,58577
2024-01-03|KL|0661||AMS,KL,661,3/1/2024,AMS,IAH,182861,184273,148099,"322,756,779",4/1/2024 6:27,772,PHBQI,FALSE,20,73303,65165
2024-01-03|KL|0835||AMS,KL,835,3/1/2024,AMS,SIN,190719,191372,148366,"27,439,963",4/1/2024 6:27,772,PHBQF,FALSE,20,93701,82894
2024-01-03|KL|0855||AMS,KL,855,3/1/2024,AMS,ICN,188479,190679,148479,"281,953,714",4/1/2024 6:27,772,PHBQN,FALSE,20,82813,76727
2024-01-03|KL|0871||AMS,KL,871,3/1/2024,AMS,DEL,219330,219871,171524,"323,706,251",4/1/2024 6:27,77W,PHBVK,FALSE,200,77420,61279
2024-01-03|KL|0879||AMS,KL,879,3/1/2024,AMS,BLR,183955,184328,147551,"322,196,084",4/1/2024 6:27,772,PHBQA,FALSE,20,60658,54071
2024-01-04|KL|0601||AMS,KL,601,4/1/2024,AMS,LAX,195443,195059,148199,"2,674,694",5/1/2024 6:27,772,PHBQC,FALSE,200,79200,73029
2024-01-04|KL|0605||AMS,KL,605,4/1/2024,AMS,SFO,172111,173622,133167,"324,139,964",5/1/2024 6:27,781,PHBKI,FALSE,100,62461,57270
2024-01-04|KL|0661||AMS,KL,661,4/1/2024,AMS,IAH,159922,161103,128046,"314,365,732",5/1/2024 6:27,789,PHBHD,FALSE,100,58844,52385
2024-01-04|KL|0835||AMS,KL,835,4/1/2024,AMS,SIN,224919,223895,170582,"356,430,543",5/1/2024 6:27,77W,PHBVW,FALSE,150,101936,92774
2024-01-04|KL|0855||AMS,KL,855,4/1/2024,AMS,ICN,180617,180551,148375,"332,769,698",5/1/2024 6:27,772,PHBQG,FALSE,20,76274,71001
2024-01-04|KL|0871||AMS,KL,871,4/1/2024,AMS,DEL,170780,171294,132056,"335,310,209",5/1/2024 6:27,781,PHBKF,FALSE,10,50969,40932
2024-01-05|KL|0601||AMS,KL,601,5/1/2024,AMS,LAX,173428,174137,132805,"290,076,669",6/1/2024 6:28,781,PHBKD,FALSE,220,66828,61442
2024-01-05|KL|0605||AMS,KL,605,5/1/2024,AMS,SFO,171062,171630,133116,"32,481,953",6/1/2024 6:28,781,PHBKH,FALSE,150,63401,58201
2024-01-05|KL|0661||AMS,KL,661,5/1/2024,AMS,IAH,189395,189640,148039,"307,491,551",6/1/2024 6:28,772,PHBQP,FALSE,200,80888,72237
2024-01-05|KL|0835||AMS,KL,835,5/1/2024,AMS,SIN,221635,220762,170595,"307,134,495",6/1/2024 6:28,77W,PHBVS,FALSE,200,108257,98345
2024-01-05|KL|0855||AMS,KL,855,5/1/2024,AMS,ICN,182053,182102,148602,"301,970,502",6/1/2024 6:28,772,PHBQE,FALSE,100,78211,72871
2024-01-05|KL|0871||AMS,KL,871,5/1/2024,AMS,DEL,188420,188645,148084,"267,699,133",6/1/2024 6:28,772,PHBQM,FALSE,20,65405,49837
2024-01-05|KL|0879||AMS,KL,879,5/1/2024,AMS,BLR,180556,181248,147695,"346,124,375",6/1/2024 6:28,772,PHBQF,FALSE,100,61189,53990
2024-01-06|KL|0601||AMS,KL,601,6/1/2024,AMS,LAX,192295,192748,148279,"285,864,341",7/1/2024 6:27,772,PHBQG,FALSE,200,83180,76895
2024-01-06|KL|0605||AMS,KL,605,6/1/2024,AMS,SFO,176669,177660,132774,"316,436,531",7/1/2024 6:27,781,PHBKM,FALSE,220,66376,61177
2024-01-06|KL|0835||AMS,KL,835,6/1/2024,AMS,SIN,223544,223809,173147,"304,347,811",7/1/2024 6:27,77W,PHBVB,FALSE,200,111835,101744
2024-01-06|KL|0855||AMS,KL,855,6/1/2024,AMS,ICN,191382,191854,148521,"290,333,177",7/1/2024 6:27,772,PHBQN,FALSE,200,86166,80541
2024-01-06|KL|0871||AMS,KL,871,6/1/2024,AMS,DEL,223566,223179,171659,"288,573,381",7/1/2024 6:27,77W,PHBVF,FALSE,200,75610,61671
2024-01-07|KL|0601||AMS,KL,601,7/1/2024,AMS,LAX,180322,181515,132694,"30,505,505",8/1/2024 6:29,781,PHBKD,FALSE,220,68177,62665
2024-01-07|KL|0605||AMS,KL,605,7/1/2024,AMS,SFO,179125,179083,133338,"329,213,501",8/1/2024 6:29,781,PHBKH,FALSE,100,64206,58853
2024-01-07|KL|0661||AMS,KL,661,7/1/2024,AMS,IAH,171570,172057,128129,"257,137,373",8/1/2024 6:29,789,PHBHG,FALSE,100,61985,55142
2024-01-07|KL|0835||AMS,KL,835,7/1/2024,AMS,SIN,189664,189506,148795,"303,750,775",8/1/2024 6:29,772,PHBQO,FALSE,200,92522,85828
2024-01-07|KL|0855||AMS,KL,855,7/1/2024,AMS,ICN,223292,222855,172681,"306,624,778",8/1/2024 6:29,77W,PHBVC,FALSE,200,98417,92350
2024-01-07|KL|0871||AMS,KL,871,7/1/2024,AMS,DEL,176951,177208,132250,"273,625,426",8/1/2024 6:29,781,PHBKA,FALSE,220,55372,44750
2024-01-07|KL|0879||AMS,KL,879,7/1/2024,AMS,BLR,164615,165116,127768,"275,557,474",8/1/2024 6:29,789,PHBHM,FALSE,220,54398,47825
2024-01-08|KL|0601||AMS,KL,601,8/1/2024,AMS,LAX,183151,183463,133314,"226,052,191",9/1/2024 6:29,781,PHBKK,FALSE,10,64258,58749
2024-01-08|KL|0661||AMS,KL,661,8/1/2024,AMS,IAH,175927,175137,127996,"270,511,362",9/1/2024 6:29,789,PHBHC,FALSE,100,64865,57067
2024-01-08|KL|0835||AMS,KL,835,8/1/2024,AMS,SIN,190995,190433,148468,"271,422,325",9/1/2024 6:29,772,PHBQG,FALSE,200,94078,86589
2024-01-08|KL|0855||AMS,KL,855,8/1/2024,AMS,ICN,177238,177291,148215,"257,676,715",9/1/2024 6:29,772,PHBQK,FALSE,200,80818,75086
2024-01-08|KL|0871||AMS,KL,871,8/1/2024,AMS,DEL,209365,212804,171594,"311,072,498",9/1/2024 6:29,77W,PHBVD,FALSE,200,74232,60031
2024-01-08|KL|0879||AMS,KL,879,8/1/2024,AMS,BLR,158114,158976,127792,"316,281,834",9/1/2024 6:29,789,PHBHF,FALSE,220,50541,44738
2024-01-09|KL|0601||AMS,KL,601,9/1/2024,AMS,LAX,176947,176984,133015,"21,396,151",10/1/2024 6:27,781,PHBKM,FALSE,220,68458,62992
2024-01-09|KL|0605||AMS,KL,605,9/1/2024,AMS,SFO,172493,173579,132819,"277,294,701",10/1/2024 6:27,781,PHBKC,FALSE,220,65449,60233
2024-01-09|KL|0661||AMS,KL,661,9/1/2024,AMS,IAH,164699,164859,128225,"296,649,035",10/1/2024 6:27,789,PHBHN,FALSE,150,60594,53539
2024-01-09|KL|0835||AMS,KL,835,9/1/2024,AMS,SIN,219359,218853,170508,"318,123,615",10/1/2024 6:27,77W,PHBVS,FALSE,200,112347,102344
2024-01-09|KL|0871||AMS,KL,871,9/1/2024,AMS,DEL,219103,217320,171530,"350,772,351",10/1/2024 6:27,77W,PHBVD,FALSE,200,75983,61028
2024-01-10|KL|0601||AMS,KL,601,10/1/2024,AMS,LAX,174322,175623,133290,"328,339,614",11/1/2024 6:27,781,PHBKH,FALSE,100,65045,59677
2024-01-10|KL|0661||AMS,KL,661,10/1/2024,AMS,IAH,191512,192318,147949,"262,261,212",11/1/2024 6:27,772,PHBQK,FALSE,200,77592,69516
2024-01-10|KL|0835||AMS,KL,835,10/1/2024,AMS,SIN,187116,187264,148603,"266,688,619",11/1/2024 6:27,772,PHBQE,FALSE,200,92268,85652
2024-01-10|KL|0855||AMS,KL,855,10/1/2024,AMS,ICN,189158,188917,148164,"284,410,858",11/1/2024 6:27,772,PHBQB,FALSE,100,81860,76346
2024-01-10|KL|0871||AMS,KL,871,10/1/2024,AMS,DEL,216989,216856,171364,"299,215,247",11/1/2024 6:27,77W,PHBVK,FALSE,200,75904,61621
2024-01-10|KL|0879||AMS,KL,879,10/1/2024,AMS,BLR,167481,168083,132214,"329,998,271",11/1/2024 6:27,781,PHBKA,FALSE,100,54606,48535
2024-01-11|KL|0601||AMS,KL,601,11/1/2024,AMS,LAX,174316,174582,132677,"275,264,983",12/1/2024 6:27,781,PHBKF,FALSE,100,65824,60482
2024-01-11|KL|0605||AMS,KL,605,11/1/2024,AMS,SFO,177904,178375,133104,"284,930,878",12/1/2024 6:27,781,PHBKK,FALSE,220,64374,59127
2024-01-11|KL|0661||AMS,KL,661,11/1/2024,AMS,IAH,172198,173096,128440,"270,194,115",12/1/2024 6:27,789,PHBHF,FALSE,220,63471,56486
2024-01-11|KL|0835||AMS,KL,835,11/1/2024,AMS,SIN,235837,235456,170574,"253,927,531",12/1/2024 6:27,77W,PHBVU,FALSE,100,115687,104646
2024-01-11|KL|0855||AMS,KL,855,11/1/2024,AMS,ICN,188215,188218,148460,"282,080,087",12/1/2024 6:27,772,PHBQL,FALSE,100,81249,75745
2024-01-11|KL|0871||AMS,KL,871,11/1/2024,AMS,DEL,177777,179208,132364,"234,765,204",12/1/2024 6:27,781,PHBKA,FALSE,220,55555,44622
2024-01-12|KL|0601||AMS,KL,601,12/1/2024,AMS,LAX,161504,162214,132779,"268,766,042",13-1-2024 06:27:00,781,PHBKM,FALSE,150,62129,56451
2024-01-12|KL|0605||AMS,KL,605,12/1/2024,AMS,SFO,180220,181446,133170,"339,310,576",13-1-2024 06:27:00,781,PHBKH,FALSE,50,66679,61266
2024-01-12|KL|0835||AMS,KL,835,12/1/2024,AMS,SIN,227954,227217,172491,"233,101,464",13-1-2024 06:27:00,77W,PHBVG,FALSE,250,114723,102967
2024-01-12|KL|0855||AMS,KL,855,12/1/2024,AMS,ICN,193833,193130,148435,"254,756,961",13-1-2024 06:27:00,772,PHBQG,FALSE,100,82698,77074
2024-01-12|KL|0871||AMS,KL,871,12/1/2024,AMS,DEL,192777,192915,147655,"255,565,874",13-1-2024 06:27:00,772,PHBQN,FALSE,200,65272,52234
2024-01-12|KL|0879||AMS,KL,879,12/1/2024,AMS,BLR,189201,189446,147800,"278,143,021",13-1-2024 06:27:00,772,PHBQI,FALSE,200,65757,58117
2024-01-13|KL|0601||AMS,KL,601,13-1-2024,AMS,LAX,173407,174128,132642,"276,654,081",14-1-2024 06:27:00,781,PHBKC,FALSE,100,64711,59359
2024-01-13|KL|0605||AMS,KL,605,13-1-2024,AMS,SFO,174161,175373,132697,"323,201,322",14-1-2024 06:27:00,781,PHBKA,FALSE,100,63973,58808
2024-01-13|KL|0661||AMS,KL,661,13-1-2024,AMS,IAH,194481,197843,148336,"208,573,059",14-1-2024 06:27:00,772,PHBQH,FALSE,200,83393,74384
2024-01-13|KL|0835||AMS,KL,835,13-1-2024,AMS,SIN,224386,224517,172317,"247,102,138",14-1-2024 06:27:00,77W,PHBVP,FALSE,20,104429,94592
2024-01-13|KL|0855||AMS,KL,855,13-1-2024,AMS,ICN,197653,198938,148854,"268,611,607",14-1-2024 06:27:00,772,PHBQO,FALSE,20,82537,76829
2024-01-13|KL|0871||AMS,KL,871,13-1-2024,AMS,DEL,218213,218550,171990,"324,955,262",14-1-2024 06:27:00,77W,PHBVI,FALSE,20,68895,54736
2024-01-13|KL|0879||AMS,KL,879,13-1-2024,AMS,BLR,186466,187635,147693,"256,407,834",14-1-2024 06:27:00,772,PHBQI,FALSE,200,64584,56921
2024-01-14|KL|0601||AMS,KL,601,14-1-2024,AMS,LAX,173008,175047,132658,"316,855,878",15-1-2024 06:27:00,781,PHBKD,FALSE,220,67343,61904
2024-01-14|KL|0605||AMS,KL,605,14-1-2024,AMS,SFO,172764,174661,132905,"298,819,074",15-1-2024 06:27:00,781,PHBKG,FALSE,200,65821,60545
2024-01-14|KL|0661||AMS,KL,661,14-1-2024,AMS,IAH,174035,175423,127810,"277,066,717",15-1-2024 06:27:00,789,PHBHC,FALSE,50,63889,56735
2024-01-14|KL|0835||AMS,KL,835,14-1-2024,AMS,SIN,228065,229429,170661,"305,732,495",15-1-2024 06:27:00,77W,PHBVW,FALSE,20,103284,93483
2024-01-14|KL|0855||AMS,KL,855,14-1-2024,AMS,ICN,180210,180767,148047,"26,869,346",15-1-2024 06:27:00,772,PHBQB,FALSE,200,77401,72376
2024-01-14|KL|0871||AMS,KL,871,14-1-2024,AMS,DEL,170540,176972,132114,"234,390,521",15-1-2024 06:27:00,781,PHBKC,FALSE,220,52713,40033
2024-01-14|KL|0879||AMS,KL,879,14-1-2024,AMS,BLR,172430,174022,127723,"241,866,533",15-1-2024 06:27:00,789,PHBHN,FALSE,10,52468,46456
2024-01-15|KL|0601||AMS,KL,601,15-1-2024,AMS,LAX,171280,172117,132748,"287,691,837",16-1-2024 06:28:00,781,PHBKD,FALSE,200,65034,59642
2024-01-15|KL|0661||AMS,KL,661,15-1-2024,AMS,IAH,173236,175027,128395,"294,022,142",16-1-2024 06:28:00,789,PHBHP,FALSE,200,65884,57610
2024-01-15|KL|0835||AMS,KL,835,15-1-2024,AMS,SIN,186736,186666,148219,"273,309,987",16-1-2024 06:28:00,772,PHBQA,FALSE,20,89301,80515
2024-01-15|KL|0855||AMS,KL,855,15-1-2024,AMS,ICN,181193,180202,148171,"257,369,641",16-1-2024 06:28:00,772,PHBQC,FALSE,200,80339,74875
2024-01-15|KL|0871||AMS,KL,871,15-1-2024,AMS,DEL,219881,219662,169443,"33,436,308",16-1-2024 06:28:00,77W,PHBVO,FALSE,200,70102,56889
2024-01-15|KL|0879||AMS,KL,879,15-1-2024,AMS,BLR,168977,170098,127795,"29,094,024",16-1-2024 06:28:00,789,PHBHN,FALSE,220,53885,47247
2024-01-16|KL|0601||AMS,KL,601,16-1-2024,AMS,LAX,167050,170632,132763,"27,850,271",17-1-2024 06:27:00,781,PHBKA,FALSE,200,64078,58760
2024-01-16|KL|0605||AMS,KL,605,16-1-2024,AMS,SFO,172713,178699,132665,"215,262,161",17-1-2024 06:27:00,781,PHBKF,FALSE,220,66026,60619
2024-01-16|KL|0661||AMS,KL,661,16-1-2024,AMS,IAH,171769,173569,128330,"331,233,491",17-1-2024 06:27:00,789,PHBHC,FALSE,220,65793,57747
2024-01-16|KL|0835||AMS,KL,835,16-1-2024,AMS,SIN,220979,223166,172399,"285,553,285",17-1-2024 06:27:00,77W,PHBVG,FALSE,20,102748,92954
2024-01-16|KL|0871||AMS,KL,871,16-1-2024,AMS,DEL,218867,217960,171890,"339,658,641",17-1-2024 06:27:00,77W,PHBVD,FALSE,200,70291,56487
2024-01-17|KL|0601||AMS,KL,601,17-1-2024,AMS,LAX,172071,175069,133260,"324,997,482",18-1-2024 06:28:00,781,PHBKK,FALSE,220,64913,59612
2024-01-17|KL|0661||AMS,KL,661,17-1-2024,AMS,IAH,166961,168675,128139,"254,638,547",18-1-2024 06:28:00,789,PHBHE,FALSE,700,65157,57633
2024-01-17|KL|0835||AMS,KL,835,17-1-2024,AMS,SIN,190000,189898,148234,"266,656,709",18-1-2024 06:28:00,772,PHBQK,FALSE,200,91397,83304
2024-01-17|KL|0855||AMS,KL,855,17-1-2024,AMS,ICN,187628,188305,148265,"294,428,792",18-1-2024 06:28:00,772,PHBQB,FALSE,200,83798,78157
2024-01-17|KL|0871||AMS,KL,871,17-1-2024,AMS,DEL,224674,225147,169526,"300,088,447",18-1-2024 06:28:00,77W,PHBVS,FALSE,200,72052,58322
2024-01-17|KL|0879||AMS,KL,879,17-1-2024,AMS,BLR,177731,180001,132826,"268,878,082",18-1-2024 06:28:00,781,PHBKH,FALSE,10,54942,48219
2024-01-18|KL|0601||AMS,KL,601,18-1-2024,AMS,LAX,175884,177239,132679,"304,440,901",19-1-2024 06:27:00,781,PHBKD,FALSE,220,65573,60136
2024-01-18|KL|0605||AMS,KL,605,18-1-2024,AMS,SFO,178164,178319,133302,"297,054,679",19-1-2024 06:27:00,781,PHBKH,FALSE,220,65284,59977
2024-01-18|KL|0661||AMS,KL,661,18-1-2024,AMS,IAH,162268,163094,128434,"292,598,061",19-1-2024 06:27:00,789,PHBHP,FALSE,220,59807,53392
2024-01-18|KL|0835||AMS,KL,835,18-1-2024,AMS,SIN,226543,227513,170777,"24,402,579",19-1-2024 06:27:00,77W,PHBVW,FALSE,200,114424,104245
2024-01-18|KL|0855||AMS,KL,855,18-1-2024,AMS,ICN,184309,185179,148496,"291,114,423",19-1-2024 06:27:00,772,PHBQL,FALSE,200,84049,78517
2024-01-18|KL|0871||AMS,KL,871,18-1-2024,AMS,DEL,174367,178930,132218,"231,968,329",19-1-2024 06:27:00,781,PHBKG,FALSE,220,54085,43932
2024-01-19|KL|0601||AMS,KL,601,19-1-2024,AMS,LAX,174900,174302,132786,"234,210,289",20-1-2024 06:28:00,781,PHBKC,FALSE,220,65812,60363
2024-01-19|KL|0661||AMS,KL,661,19-1-2024,AMS,IAH,168902,171320,128522,"285,817,589",20-1-2024 06:28:00,789,PHBHF,FALSE,220,58665,51845
2024-01-19|KL|0835||AMS,KL,835,19-1-2024,AMS,SIN,225365,225120,172767,"261,406,394",20-1-2024 06:28:00,77W,PHBVI,FALSE,200,108418,98817
2024-01-19|KL|0855||AMS,KL,855,19-1-2024,AMS,ICN,194131,194768,148802,"259,378,978",20-1-2024 06:28:00,772,PHBQO,FALSE,200,87389,81638
2024-01-19|KL|0871||AMS,KL,871,19-1-2024,AMS,DEL,189428,190510,147570,"246,309,392",20-1-2024 06:28:00,772,PHBQF,FALSE,200,68097,54067
2024-01-19|KL|0879||AMS,KL,879,19-1-2024,AMS,BLR,172678,176513,132303,"256,324,212",20-1-2024 06:28:00,781,PHBKG,FALSE,200,56633,49963
2024-01-20|KL|0601||AMS,KL,601,20-1-2024,AMS,LAX,179020,180815,133299,"271,444,808",21-1-2024 06:27:00,781,PHBKK,FALSE,220,68238,62738
2024-01-20|KL|0605||AMS,KL,605,20-1-2024,AMS,SFO,184081,184476,132758,"254,138,449",21-1-2024 06:27:00,781,PHBKG,FALSE,10,69113,63571
2024-01-20|KL|0661||AMS,KL,661,20-1-2024,AMS,IAH,177301,178281,128661,"338,729,657",21-1-2024 06:27:00,789,PHBHF,FALSE,10,61430,54513
2024-01-20|KL|0835||AMS,KL,835,20-1-2024,AMS,SIN,229424,229944,172531,"256,984,199",21-1-2024 06:27:00,77W,PHBVG,FALSE,200,112483,102640
2024-01-20|KL|0855||AMS,KL,855,20-1-2024,AMS,ICN,194285,193631,148744,"262,487,554",21-1-2024 06:27:00,772,PHBQH,FALSE,100,85852,80127
2024-01-20|KL|0871||AMS,KL,871,20-1-2024,AMS,DEL,224130,224186,169817,"290,237,277",21-1-2024 06:27:00,77W,PHBVU,FALSE,100,71814,58880
2024-01-20|KL|0879||AMS,KL,879,20-1-2024,AMS,BLR,190690,191960,147336,"248,720,022",21-1-2024 06:27:00,772,PHBQC,FALSE,200,68937,60531
2024-01-21|KL|0601||AMS,KL,601,21-1-2024,AMS,LAX,179552,181377,132788,"271,965,133",22-1-2024 06:27:00,781,PHBKF,FALSE,150,69537,63985
2024-01-21|KL|0605||AMS,KL,605,21-1-2024,AMS,SFO,176968,178140,132862,"319,040,891",22-1-2024 06:27:00,781,PHBKA,FALSE,10,64318,59057
2024-01-21|KL|0661||AMS,KL,661,21-1-2024,AMS,IAH,170561,171573,128323,"272,050,428",22-1-2024 06:27:00,789,PHBHP,FALSE,200,65962,58983
2024-01-21|KL|0835||AMS,KL,835,21-1-2024,AMS,SIN,226753,227729,170194,"269,808,058",22-1-2024 06:27:00,77W,PHBVN,FALSE,200,110555,100825
2024-01-21|KL|0855||AMS,KL,855,21-1-2024,AMS,ICN,187593,187694,148302,"272,980,389",22-1-2024 06:27:00,772,PHBQP,FALSE,200,83794,78347
2024-01-21|KL|0871||AMS,KL,871,21-1-2024,AMS,DEL,173914,174326,132168,"290,294,762",22-1-2024 06:27:00,781,PHBKC,FALSE,220,59163,46244
2024-01-21|KL|0879||AMS,KL,879,21-1-2024,AMS,BLR,174123,175701,127840,"193,919,992",22-1-2024 06:27:00,789,PHBHF,FALSE,10,54930,48183
2024-01-22|KL|0601||AMS,KL,601,22-1-2024,AMS,LAX,171612,173389,133103,"188,138,974",23-1-2024 06:28:00,781,PHBKL,FALSE,220,66643,61244
2024-01-22|KL|0661||AMS,KL,661,22-1-2024,AMS,IAH,168210,168371,128047,"247,071,605",23-1-2024 06:28:00,789,PHBHF,FALSE,220,71746,63326
2024-01-22|KL|0835||AMS,KL,835,22-1-2024,AMS,SIN,188388,188576,148196,"246,922,428",23-1-2024 06:28:00,772,PHBQB,FALSE,200,91051,84408
2024-01-22|KL|0855||AMS,KL,855,22-1-2024,AMS,ICN,195007,194977,148454,"299,217,758",23-1-2024 06:28:00,772,PHBQG,FALSE,200,89113,83457
2024-01-22|KL|0871||AMS,KL,871,22-1-2024,AMS,DEL,221312,221664,169609,"286,632,479",23-1-2024 06:28:00,77W,PHBVS,FALSE,200,74613,60456
2024-01-22|KL|0879||AMS,KL,879,22-1-2024,AMS,BLR,163894,164500,127700,"27,506,784",23-1-2024 06:28:00,789,PHBHG,FALSE,10,51423,45040
2024-01-23|KL|0601||AMS,KL,601,23-1-2024,AMS,LAX,179507,180069,132835,"28,191,337",24-1-2024 06:27:00,781,PHBKA,FALSE,400,71658,66056
2024-01-23|KL|0605||AMS,KL,605,23-1-2024,AMS,SFO,168683,169370,133012,"210,540,974",24-1-2024 06:27:00,781,PHBKK,FALSE,220,65059,59841
2024-01-23|KL|0661||AMS,KL,661,23-1-2024,AMS,IAH,175891,176099,127707,"316,610,813",24-1-2024 06:27:00,789,PHBHE,FALSE,220,69843,62548
2024-01-23|KL|0835||AMS,KL,835,23-1-2024,AMS,SIN,228952,230018,172305,"240,084,405",24-1-2024 06:27:00,77W,PHBVF,FALSE,200,116182,105369
2024-01-23|KL|0871||AMS,KL,871,23-1-2024,AMS,DEL,224310,224717,171711,"286,040,475",24-1-2024 06:27:00,77W,PHBVI,FALSE,20,74089,60180
2024-01-24|KL|0601||AMS,KL,601,24-1-2024,AMS,LAX,172056,178401,133365,"218,036,803",25-1-2024 06:29:00,781,PHBKH,FALSE,200,69018,63506
2024-01-24|KL|0661||AMS,KL,661,24-1-2024,AMS,IAH,164796,168897,127836,"2,453,005",25-1-2024 06:29:00,789,PHBHE,FALSE,220,69217,61343
2024-01-24|KL|0835||AMS,KL,835,24-1-2024,AMS,SIN,190772,191489,148355,"228,542,482",25-1-2024 06:29:00,772,PHBQI,FALSE,20,86876,79560
2024-01-24|KL|0855||AMS,KL,855,24-1-2024,AMS,ICN,197391,197295,148898,"294,066,914",25-1-2024 06:29:00,772,PHBQM,FALSE,200,85861,80185
2024-01-24|KL|0871||AMS,KL,871,24-1-2024,AMS,DEL,193212,193523,147961,"239,371,127",25-1-2024 06:29:00,772,PHBQO,FALSE,20,61459,49545
2024-01-24|KL|0879||AMS,KL,879,24-1-2024,AMS,BLR,184307,185148,147550,"271,650,917",25-1-2024 06:29:00,772,PHBQP,FALSE,20,61274,53986
2024-01-25|KL|0601||AMS,KL,601,25-1-2024,AMS,LAX,181256,181646,133380,"219,851,157",26-1-2024 06:29:00,781,PHBKI,FALSE,200,69976,64350
2024-01-25|KL|0605||AMS,KL,605,25-1-2024,AMS,SFO,168756,169583,132700,"153,435,701",26-1-2024 06:29:00,781,PHBKM,FALSE,10,64265,58513
2024-01-25|KL|0835||AMS,KL,835,25-1-2024,AMS,SIN,228488,227932,170173,"328,966,015",26-1-2024 06:29:00,77W,PHBVN,FALSE,20,104695,96505
2024-01-25|KL|0855||AMS,KL,855,25-1-2024,AMS,ICN,191695,191817,148593,"278,685,911",26-1-2024 06:29:00,772,PHBQG,FALSE,200,85633,80036
2024-01-25|KL|0871||AMS,KL,871,25-1-2024,AMS,DEL,178442,178621,132275,"253,466,461",26-1-2024 06:29:00,781,PHBKG,FALSE,10,52374,42155
2024-01-26|KL|0601||AMS,KL,601,26-1-2024,AMS,LAX,174987,174774,132759,"305,674,417",27-1-2024 06:28:00,781,PHBKC,FALSE,200,67287,61571
2024-01-26|KL|0605||AMS,KL,605,26-1-2024,AMS,SFO,171986,172263,132596,"311,474,807",27-1-2024 06:28:00,781,PHBKF,FALSE,200,69127,63172
2024-01-26|KL|0661||AMS,KL,661,26-1-2024,AMS,IAH,166060,166889,127972,"257,969,445",27-1-2024 06:28:00,789,PHBHD,FALSE,220,64472,57564
2024-01-26|KL|0835||AMS,KL,835,26-1-2024,AMS,SIN,229320,229775,172607,"295,054,419",27-1-2024 06:28:00,77W,PHBVD,FALSE,200,111441,101106
2024-01-26|KL|0855||AMS,KL,855,26-1-2024,AMS,ICN,195873,196207,148226,"301,704,662",27-1-2024 06:28:00,772,PHBQA,FALSE,200,87943,82180
2024-01-26|KL|0871||AMS,KL,871,26-1-2024,AMS,DEL,213168,214060,169490,"285,787,908",27-1-2024 06:28:00,77W,PHBVW,FALSE,200,69097,55217
2024-01-26|KL|0879||AMS,KL,879,26-1-2024,AMS,BLR,193213,193517,147689,"242,632,961",27-1-2024 06:28:00,772,PHBQD,FALSE,200,65432,57781
2024-01-27|KL|0601||AMS,KL,601,27-1-2024,AMS,LAX,179751,179691,132824,"273,219,167",28-1-2024 06:27:00,781,PHBKG,FALSE,220,70672,63944
2024-01-27|KL|0605||AMS,KL,605,27-1-2024,AMS,SFO,180096,181302,132792,"245,649,222",28-1-2024 06:27:00,781,PHBKM,FALSE,220,70348,64254
2024-01-27|KL|0661||AMS,KL,661,27-1-2024,AMS,IAH,173552,173989,128082,"283,774,444",28-1-2024 06:27:00,789,PHBHD,FALSE,220,68094,61324
2024-01-27|KL|0835||AMS,KL,835,27-1-2024,AMS,SIN,223999,224588,172031,"264,821,844",28-1-2024 06:27:00,77W,PHBVR,FALSE,200,108900,99275
2024-01-27|KL|0855||AMS,KL,855,27-1-2024,AMS,ICN,192456,193165,148779,"268,526,863",28-1-2024 06:27:00,772,PHBQO,FALSE,200,86413,80760
2024-01-27|KL|0871||AMS,KL,871,27-1-2024,AMS,DEL,220914,225893,171317,"339,074,488",28-1-2024 06:27:00,77W,PHBVP,FALSE,100,73232,59409
2024-01-27|KL|0879||AMS,KL,879,27-1-2024,AMS,BLR,195248,196077,147735,"279,047,486",28-1-2024 06:27:00,772,PHBQN,FALSE,20,66632,58895
2024-01-28|KL|0601||AMS,KL,601,28-1-2024,AMS,LAX,179689,179906,132826,"320,106,395",29-1-2024 06:28:00,781,PHBKA,FALSE,10,66179,60414
2024-01-28|KL|0605||AMS,KL,605,28-1-2024,AMS,SFO,181198,180985,133233,"279,010,956",29-1-2024 06:28:00,781,PHBKK,FALSE,10,65711,59763
2024-01-28|KL|0661||AMS,KL,661,28-1-2024,AMS,IAH,223677,225297,169755,"190,648,205",29-1-2024 06:28:00,77W,PHBVO,FALSE,20,87577,79020
2024-01-28|KL|0835||AMS,KL,835,28-1-2024,AMS,SIN,190069,191097,148261,"254,266,184",29-1-2024 06:28:00,772,PHBQB,FALSE,200,88624,82106
2024-01-28|KL|0855||AMS,KL,855,28-1-2024,AMS,ICN,196660,197087,148407,"282,446,659",29-1-2024 06:28:00,772,PHBQP,FALSE,200,87015,81302
2024-01-28|KL|0871||AMS,KL,871,28-1-2024,AMS,DEL,178720,179348,132075,"234,253,595",29-1-2024 06:28:00,781,PHBKC,FALSE,10,54999,44453
2024-01-28|KL|0879||AMS,KL,879,28-1-2024,AMS,BLR,172019,172372,127501,"302,364,134",29-1-2024 06:28:00,789,PHBHE,FALSE,220,53984,47391
2024-01-29|KL|0835||AMS,KL,835,29-1-2024,AMS,SIN,230879,231236,172513,"340,715,504",30-1-2024 06:30:00,77W,PHBVK,FALSE,100,109599,99929
2024-01-29|KL|0855||AMS,KL,855,29-1-2024,AMS,ICN,190052,189692,148989,"300,846,057",30-1-2024 06:30:00,772,PHBQM,FALSE,200,84196,78240
2024-01-29|KL|0871||AMS,KL,871,29-1-2024,AMS,DEL,223499,225110,171550,"294,992,593",30-1-2024 06:30:00,77W,PHBVD,FALSE,250,76884,62763
2024-01-29|KL|0879||AMS,KL,879,29-1-2024,AMS,BLR,170545,170669,127930,"296,627,376",30-1-2024 06:30:00,789,PHBHI,FALSE,10,51922,45979
2024-01-29|KL|0601||AMS,KL,601,29-1-2024,AMS,LAX,230085,230751,172581,"252,060,389",30-1-2024 06:30:00,77W,PHBVI,FALSE,20,91323,84517
2024-01-30|KL|0601||AMS,KL,601,30-1-2024,AMS,LAX,168110,169260,132448,"165,415,569",31-1-2024 06:28:00,781,PHBKD,FALSE,150,66038,60374
2024-01-30|KL|0605||AMS,KL,605,30-1-2024,AMS,SFO,164954,166552,132595,"225,278,182",31-1-2024 06:28:00,781,PHBKC,FALSE,220,65438,59727
2024-01-30|KL|0661||AMS,KL,661,30-1-2024,AMS,IAH,163832,164015,127715,"231,156,981",31-1-2024 06:28:00,789,PHBHH,FALSE,10,60443,54066
2024-01-30|KL|0835||AMS,KL,835,30-1-2024,AMS,SIN,224636,224028,170924,"233,311,823",31-1-2024 06:28:00,77W,PHBVW,FALSE,200,107872,99733
2024-01-30|KL|0871||AMS,KL,871,30-1-2024,AMS,DEL,227232,227448,171642,"268,597,777",31-1-2024 06:28:00,77W,PHBVD,FALSE,20,79099,64298
2024-01-31|KL|0601||AMS,KL,601,31-1-2024,AMS,LAX,177519,179517,133212,"268,318,147",1/2/2024 6:28,781,PHBKI,FALSE,220,70577,64684
2024-01-31|KL|0661||AMS,KL,661,31-1-2024,AMS,IAH,168547,169215,128285,"213,769,847",1/2/2024 6:28,789,PHBHI,FALSE,150,63146,56761
2024-01-31|KL|0835||AMS,KL,835,31-1-2024,AMS,SIN,191701,192064,148500,"291,274,989",1/2/2024 6:28,772,PHBQD,FALSE,200,89844,83370
2024-01-31|KL|0855||AMS,KL,855,31-1-2024,AMS,ICN,191821,191937,148510,"31,199,061",1/2/2024 6:28,772,PHBQL,FALSE,200,84730,79446
2024-01-31|KL|0871||AMS,KL,871,31-1-2024,AMS,DEL,219693,220492,169116,"254,865,437",1/2/2024 6:28,77W,PHBVO,FALSE,200,79544,64640
2024-01-31|KL|0879||AMS,KL,879,31-1-2024,AMS,BLR,180648,180745,147409,"265,712,048",1/2/2024 6:28,772,PHBQC,FALSE,200,62758,56382
2024-02-01|KL|0601||AMS,KL,601,1/2/2024,AMS,LAX,176380,176815,133017,"26,009,025",2/2/2024 6:30,781,PHBKM,FALSE,150,70669,64769
2024-02-01|KL|0661||AMS,KL,661,1/2/2024,AMS,IAH,166687,166967,128289,"218,641,347",2/2/2024 6:30,789,PHBHL,FALSE,220,63704,56757
2024-02-01|KL|0835||AMS,KL,835,1/2/2024,AMS,SIN,222542,221930,170182,"262,430,198",2/2/2024 6:30,77W,PHBVO,FALSE,200,107794,98268
2024-02-01|KL|0855||AMS,KL,855,1/2/2024,AMS,ICN,192523,192605,148453,"263,368,859",2/2/2024 6:30,772,PHBQI,FALSE,200,86781,81130
2024-02-01|KL|0871||AMS,KL,871,1/2/2024,AMS,DEL,223446,223872,171597,"307,326,774",2/2/2024 6:30,77W,PHBVC,FALSE,200,77330,63022
2024-02-02|KL|0601||AMS,KL,601,2/2/2024,AMS,LAX,174977,174518,133314,"17,445,829",3/2/2024 6:27,781,PHBKK,FALSE,200,70117,64222
2024-02-02|KL|0605||AMS,KL,605,2/2/2024,AMS,SFO,167722,168542,128332,"277,100,123",3/2/2024 6:27,789,PHBHL,FALSE,200,65906,60370
2024-02-02|KL|0661||AMS,KL,661,2/2/2024,AMS,IAH,170976,171173,128100,"267,215,269",3/2/2024 6:27,789,PHBHI,FALSE,220,63121,56180
2024-02-02|KL|0835||AMS,KL,835,2/2/2024,AMS,SIN,226328,226702,172737,"238,828,948",3/2/2024 6:27,77W,PHBVI,FALSE,20,106711,97384
2024-02-02|KL|0855||AMS,KL,855,2/2/2024,AMS,ICN,194701,195035,148284,"300,307,599",3/2/2024 6:27,772,PHBQA,FALSE,200,87898,82160
2024-02-02|KL|0871||AMS,KL,871,2/2/2024,AMS,DEL,188700,189164,147985,"26,968,236",3/2/2024 6:27,772,PHBQO,FALSE,20,63541,51000
2024-02-02|KL|0879||AMS,KL,879,2/2/2024,AMS,BLR,172253,173283,132775,"160,603,409",3/2/2024 6:27,781,PHBKH,FALSE,10,56150,48868
2024-02-03|KL|0605||AMS,KL,605,3/2/2024,AMS,SFO,173296,173109,133116,"171,692,113",4/2/2024 6:27,781,PHBKH,FALSE,220,69960,63946
2024-02-03|KL|0661||AMS,KL,661,3/2/2024,AMS,IAH,166112,166199,128156,"242,186,338",4/2/2024 6:27,789,PHBHI,FALSE,100,60821,54320
2024-02-03|KL|0835||AMS,KL,835,3/2/2024,AMS,SIN,225494,227419,170608,"284,684,583",4/2/2024 6:27,77W,PHBVS,FALSE,200,107202,97773
2024-02-03|KL|0855||AMS,KL,855,3/2/2024,AMS,ICN,188588,189794,148609,"258,264,651",4/2/2024 6:27,772,PHBQL,FALSE,50,82339,76789
2024-02-03|KL|0871||AMS,KL,871,3/2/2024,AMS,DEL,223371,223334,171835,"305,293,893",4/2/2024 6:27,77W,PHBVD,FALSE,200,76070,60776
2024-02-03|KL|0879||AMS,KL,879,3/2/2024,AMS,BLR,193231,193521,147964,"287,531,385",4/2/2024 6:27,772,PHBQO,FALSE,20,64243,56625
2024-02-04|KL|0601||AMS,KL,601,4/2/2024,AMS,LAX,177658,180403,133220,"270,580,783",5/2/2024 6:31,781,PHBKL,FALSE,220,75644,68046
2024-02-04|KL|0605||AMS,KL,605,4/2/2024,AMS,SFO,175665,175682,132830,"242,395,006",5/2/2024 6:31,781,PHBKG,FALSE,220,74571,68493
2024-02-04|KL|0661||AMS,KL,661,4/2/2024,AMS,IAH,164286,166109,127862,"206,009,924",5/2/2024 6:31,789,PHBHA,FALSE,10,59511,53032
2024-02-04|KL|0835||AMS,KL,835,4/2/2024,AMS,SIN,187774,187603,148196,"252,014,128",5/2/2024 6:31,772,PHBQB,FALSE,300,87134,80745
2024-02-04|KL|0855||AMS,KL,855,4/2/2024,AMS,ICN,222802,223790,172533,"266,905,274",5/2/2024 6:31,77W,PHBVK,FALSE,20,95435,89343
2024-02-04|KL|0871||AMS,KL,871,4/2/2024,AMS,DEL,185260,186268,132307,"166,230,323",5/2/2024 6:31,781,PHBKA,FALSE,10,56002,44271
2024-02-04|KL|0879||AMS,KL,879,4/2/2024,AMS,BLR,175834,176189,127839,"301,974,257",5/2/2024 6:31,789,PHBHI,FALSE,10,50553,44951
2024-02-05|KL|0835||AMS,KL,835,5/2/2024,AMS,SIN,190873,191674,148189,"263,588,234",6/2/2024 6:29,772,PHBQC,FALSE,20,86231,79831
2024-02-05|KL|0855||AMS,KL,855,5/2/2024,AMS,ICN,192145,192374,148365,"237,295,836",6/2/2024 6:29,772,PHBQP,FALSE,20,81725,76176
2024-02-05|KL|0871||AMS,KL,871,5/2/2024,AMS,DEL,217355,219226,171214,"300,132,803",6/2/2024 6:29,77W,PHBVR,FALSE,100,72327,57577
2024-02-05|KL|0879||AMS,KL,879,5/2/2024,AMS,BLR,161881,162330,127969,"20,635,868",6/2/2024 6:29,789,PHBHI,FALSE,10,47535,42029
2024-02-05|KL|0601||AMS,KL,601,5/2/2024,AMS,LAX,176196,176610,132961,"286,751,985",6/2/2024 6:29,781,PHBKA,FALSE,200,75459,67850
2024-02-05|KL|0661||AMS,KL,661,5/2/2024,AMS,IAH,164308,164587,127716,"191,057,364",6/2/2024 6:29,789,PHBHA,FALSE,100,57862,51634
2024-02-06|KL|0601||AMS,KL,601,6/2/2024,AMS,LAX,175507,175906,132615,"223,658,311",7/2/2024 6:28,781,PHBKC,FALSE,220,70889,65020
2024-02-06|KL|0605||AMS,KL,605,6/2/2024,AMS,SFO,162984,162942,133084,"100,153,989",7/2/2024 6:28,781,PHBKK,FALSE,220,65736,59992
2024-02-06|KL|0661||AMS,KL,661,6/2/2024,AMS,IAH,165863,166402,127769,"268,769,961",7/2/2024 6:28,789,PHBHH,FALSE,10,57992,51710
2024-02-06|KL|0835||AMS,KL,835,6/2/2024,AMS,SIN,228323,229875,172713,"285,628,677",7/2/2024 6:28,77W,PHBVI,FALSE,300,111150,101557
2024-02-06|KL|0871||AMS,KL,871,6/2/2024,AMS,DEL,223749,223777,169239,"293,544,341",7/2/2024 6:28,77W,PHBVO,FALSE,150,72595,58853
2024-02-07|KL|0601||AMS,KL,601,7/2/2024,AMS,LAX,177200,178534,133028,"249,276,723",8/2/2024 6:28,781,PHBKL,FALSE,220,70688,64759
2024-02-07|KL|0661||AMS,KL,661,7/2/2024,AMS,IAH,185680,186406,148538,"244,716,324",8/2/2024 6:28,772,PHBQM,FALSE,100,74108,66418
2024-02-07|KL|0835||AMS,KL,835,7/2/2024,AMS,SIN,190656,191252,148797,"267,885,904",8/2/2024 6:28,772,PHBQO,FALSE,200,89760,83273
2024-02-07|KL|0855||AMS,KL,855,7/2/2024,AMS,ICN,190728,191494,148636,"257,253,444",8/2/2024 6:28,772,PHBQH,FALSE,200,83799,78175
2024-02-07|KL|0871||AMS,KL,871,7/2/2024,AMS,DEL,225637,227679,171629,"263,838,243",8/2/2024 6:28,77W,PHBVD,FALSE,20,72195,58526
2024-02-07|KL|0879||AMS,KL,879,7/2/2024,AMS,BLR,180658,181004,132147,"329,381,723",8/2/2024 6:28,781,PHBKC,FALSE,220,54474,48348
2024-02-08|KL|0601||AMS,KL,601,8/2/2024,AMS,LAX,186898,187141,148349,"296,845,211",9/2/2024 6:31,772,PHBQL,FALSE,200,81732,75628
2024-02-08|KL|0605||AMS,KL,605,8/2/2024,AMS,SFO,160038,160066,128265,"260,159,141",9/2/2024 6:31,789,PHBHN,FALSE,200,60967,55652
2024-02-08|KL|0661||AMS,KL,661,8/2/2024,AMS,IAH,175895,176378,132878,"213,613,292",9/2/2024 6:31,781,PHBKH,FALSE,220,67633,60236
2024-02-08|KL|0835||AMS,KL,835,8/2/2024,AMS,SIN,226481,226897,170586,"275,864,472",9/2/2024 6:31,77W,PHBVU,FALSE,200,114903,103198
2024-02-08|KL|0855||AMS,KL,855,8/2/2024,AMS,ICN,190774,193630,148508,"276,229,008",9/2/2024 6:31,772,PHBQD,FALSE,200,84176,78603
2024-02-08|KL|0871||AMS,KL,871,8/2/2024,AMS,DEL,177281,177748,132467,"233,508,689",9/2/2024 6:31,781,PHBKA,FALSE,200,50490,42802
2024-02-09|KL|0601||AMS,KL,601,9/2/2024,AMS,LAX,194482,194978,148851,"354,787,279",10/2/2024 6:27,772,PHBQN,FALSE,200,81724,75510
2024-02-09|KL|0605||AMS,KL,605,9/2/2024,AMS,SFO,170128,171415,133192,"172,533,933",10/2/2024 6:27,781,PHBKK,FALSE,10,63747,57532
2024-02-09|KL|0661||AMS,KL,661,9/2/2024,AMS,IAH,178176,178591,128186,"32,427,463",10/2/2024 6:27,789,PHBHL,FALSE,100,63552,56940
2024-02-09|KL|0835||AMS,KL,835,9/2/2024,AMS,SIN,225559,226563,172329,"256,536,188",10/2/2024 6:27,77W,PHBVF,FALSE,200,113635,103707
2024-02-09|KL|0855||AMS,KL,855,9/2/2024,AMS,ICN,188275,189082,148625,"305,773,788",10/2/2024 6:27,772,PHBQE,FALSE,200,83914,78454
2024-02-09|KL|0871||AMS,KL,871,9/2/2024,AMS,DEL,187850,188439,147378,"265,263,846",10/2/2024 6:27,772,PHBQK,FALSE,200,62573,51020
2024-02-09|KL|0879||AMS,KL,879,9/2/2024,AMS,BLR,189377,191097,147755,"271,456,561",10/2/2024 6:27,772,PHBQI,FALSE,20,66078,58430
2024-02-10|KL|0879||AMS,KL,879,10/2/2024,AMS,BLR,197254,197862,147536,"250,748,232",11/2/2024 6:27,772,PHBQK,FALSE,20,67854,60004
2024-02-10|KL|0661||AMS,KL,661,10/2/2024,AMS,IAH,178563,179411,132700,"27,034,574",11/2/2024 6:27,781,PHBKM,FALSE,220,68793,61072
2024-02-10|KL|0835||AMS,KL,835,10/2/2024,AMS,SIN,224499,226106,170533,"258,387,287",11/2/2024 6:27,77W,PHBVS,FALSE,200,112807,102949
2024-02-10|KL|0855||AMS,KL,855,10/2/2024,AMS,ICN,194438,195166,148573,"28,449,075",11/2/2024 6:27,772,PHBQO,FALSE,200,87133,81507
2024-02-10|KL|0871||AMS,KL,871,10/2/2024,AMS,DEL,220333,220474,171385,"281,835,145",11/2/2024 6:27,77W,PHBVR,FALSE,200,75419,62393
2024-02-10|KL|0601||AMS,KL,601,10/2/2024,AMS,LAX,176819,178009,132568,"304,688,845",11/2/2024 6:27,781,PHBKD,FALSE,10,64918,59216
2024-02-10|KL|0605||AMS,KL,605,10/2/2024,AMS,SFO,179495,180444,133302,"259,089,284",11/2/2024 6:27,781,PHBKH,FALSE,200,65263,59294
2024-02-11|KL|0601||AMS,KL,601,11/2/2024,AMS,LAX,182705,183001,132963,"283,879,867",12/2/2024 6:30,781,PHBKM,FALSE,10,65534,59746
2024-02-11|KL|0605||AMS,KL,605,11/2/2024,AMS,SFO,174393,174968,132866,"1,540,774",12/2/2024 6:30,781,PHBKG,FALSE,220,66812,60315
2024-02-11|KL|0661||AMS,KL,661,11/2/2024,AMS,IAH,172147,172875,128229,"204,046,967",12/2/2024 6:30,789,PHBHF,FALSE,50,64955,56967
2024-02-11|KL|0835||AMS,KL,835,11/2/2024,AMS,SIN,231481,231030,172532,"256,744,706",12/2/2024 6:30,77W,PHBVK,FALSE,200,116856,106149
2024-02-11|KL|0855||AMS,KL,855,11/2/2024,AMS,ICN,190900,191330,148510,"23,786,649",12/2/2024 6:30,772,PHBQG,FALSE,300,88619,82966
2024-02-11|KL|0871||AMS,KL,871,11/2/2024,AMS,DEL,175905,175995,132765,"320,558,367",12/2/2024 6:30,781,PHBKH,FALSE,220,54734,45314
2024-02-11|KL|0879||AMS,KL,879,11/2/2024,AMS,BLR,172590,173579,127834,"343,801,271",12/2/2024 6:30,789,PHBHL,FALSE,100,53533,47825
2024-02-12|KL|0601||AMS,KL,601,12/2/2024,AMS,LAX,181515,181270,132824,"220,810,718",13-2-2024 06:30:00,781,PHBKA,FALSE,220,69791,63824
2024-02-12|KL|0661||AMS,KL,661,12/2/2024,AMS,IAH,156411,157027,127659,"244,828,392",13-2-2024 06:30:00,789,PHBHA,FALSE,10,57992,51747
2024-02-12|KL|0835||AMS,KL,835,12/2/2024,AMS,SIN,223913,224660,173013,"300,127,749",13-2-2024 06:30:00,77W,PHBVB,FALSE,200,117266,103278
2024-02-12|KL|0855||AMS,KL,855,12/2/2024,AMS,ICN,193214,193431,148502,"294,259,492",13-2-2024 06:30:00,772,PHBQL,FALSE,200,87083,81443
2024-02-12|KL|0871||AMS,KL,871,12/2/2024,AMS,DEL,220324,219850,169252,"289,141,686",13-2-2024 06:30:00,77W,PHBVO,FALSE,200,76570,63334
2024-02-12|KL|0879||AMS,KL,879,12/2/2024,AMS,BLR,173703,173277,127641,"289,764,465",13-2-2024 06:30:00,789,PHBHD,FALSE,10,52728,47151
2024-02-13|KL|0601||AMS,KL,601,13-2-2024,AMS,LAX,176375,177436,148132,"27,397,281",14-2-2024 06:29:00,772,PHBQD,FALSE,200,76260,70475
2024-02-13|KL|0605||AMS,KL,605,13-2-2024,AMS,SFO,165612,166398,132990,"173,057,542",14-2-2024 06:29:00,781,PHBKL,FALSE,220,65446,59285
2024-02-13|KL|0661||AMS,KL,661,13-2-2024,AMS,IAH,174944,175651,132115,"144,688,142",14-2-2024 06:29:00,781,PHBKF,FALSE,10,65558,58659
2024-02-13|KL|0835||AMS,KL,835,13-2-2024,AMS,SIN,219959,220655,172396,"329,013,689",14-2-2024 06:29:00,77W,PHBVF,FALSE,200,114077,102291
2024-02-13|KL|0871||AMS,KL,871,13-2-2024,AMS,DEL,223716,224958,171369,"27,503,414",14-2-2024 06:29:00,77W,PHBVA,FALSE,200,78077,63609
2024-02-14|KL|0601||AMS,KL,601,14-2-2024,AMS,LAX,172928,173914,132593,"322,609,113",15-2-2024 06:34:00,781,PHBKF,FALSE,150,68760,63000
2024-02-14|KL|0661||AMS,KL,661,14-2-2024,AMS,IAH,164016,164577,127951,"226,599,679",15-2-2024 06:34:00,789,PHBHN,FALSE,100,62242,55422
2024-02-14|KL|0835||AMS,KL,835,14-2-2024,AMS,SIN,190760,191217,148419,"244,439,925",15-2-2024 06:34:00,772,PHBQF,FALSE,200,93638,87155
2024-02-14|KL|0855||AMS,KL,855,14-2-2024,AMS,ICN,190971,190692,148675,"254,599,265",15-2-2024 06:34:00,772,PHBQH,FALSE,100,84353,78751
2024-02-14|KL|0879||AMS,KL,879,14-2-2024,AMS,BLR,184841,185818,147845,"241,183,937",15-2-2024 06:34:00,772,PHBQE,FALSE,100,66028,58440
2024-02-15|KL|0601||AMS,KL,601,15-2-2024,AMS,LAX,172267,172883,132846,"180,329,091",16-2-2024 06:28:00,781,PHBKM,FALSE,150,67482,61764
2024-02-15|KL|0605||AMS,KL,605,15-2-2024,AMS,SFO,167204,167526,132755,"229,587,093",16-2-2024 06:28:00,781,PHBKA,FALSE,10,62578,56483
2024-02-15|KL|0661||AMS,KL,661,15-2-2024,AMS,IAH,166816,166970,127894,"331,833,725",16-2-2024 06:28:00,789,PHBHN,FALSE,10,59687,53410
2024-02-15|KL|0835||AMS,KL,835,15-2-2024,AMS,SIN,232659,236146,170669,"262,886,049",16-2-2024 06:28:00,77W,PHBVW,FALSE,200,114970,104442
2024-02-15|KL|0855||AMS,KL,855,15-2-2024,AMS,ICN,190446,190097,148473,"274,983,441",16-2-2024 06:28:00,772,PHBQL,FALSE,20,82168,76608
2024-02-15|KL|0871||AMS,KL,871,15-2-2024,AMS,DEL,175200,175813,132718,"281,521,048",16-2-2024 06:28:00,781,PHBKH,FALSE,10,49821,42228
2024-02-16|KL|0601||AMS,KL,601,16-2-2024,AMS,LAX,166837,168758,132899,"315,433,744",17-2-2024 06:29:00,781,PHBKF,FALSE,10,62413,57140
2024-02-16|KL|0605||AMS,KL,605,16-2-2024,AMS,SFO,169384,169627,133062,"309,441,841",17-2-2024 06:29:00,781,PHBKH,FALSE,10,62652,56460
2024-02-16|KL|0661||AMS,KL,661,16-2-2024,AMS,IAH,168299,168875,128183,"28,092,624",17-2-2024 06:29:00,789,PHBHF,FALSE,100,62492,55466
2024-02-16|KL|0835||AMS,KL,835,16-2-2024,AMS,SIN,224388,223490,172447,"321,363,183",17-2-2024 06:29:00,77W,PHBVF,FALSE,200,111331,101729
2024-02-16|KL|0855||AMS,KL,855,16-2-2024,AMS,ICN,188982,189506,148532,"264,103,027",17-2-2024 06:29:00,772,PHBQN,FALSE,100,82662,77112
2024-02-16|KL|0871||AMS,KL,871,16-2-2024,AMS,DEL,190666,191380,148318,"275,156,271",17-2-2024 06:29:00,772,PHBQO,FALSE,100,60336,50738
2024-02-16|KL|0879||AMS,KL,879,16-2-2024,AMS,BLR,192706,192701,147592,"245,495,122",17-2-2024 06:29:00,772,PHBQF,FALSE,200,69153,61453
2024-02-17|KL|0601||AMS,KL,601,17-2-2024,AMS,LAX,178150,177766,132785,"325,921,067",18-2-2024 06:27:00,781,PHBKG,FALSE,10,64669,59149
2024-02-17|KL|0605||AMS,KL,605,17-2-2024,AMS,SFO,177440,177547,133110,"302,077,464",18-2-2024 06:27:00,781,PHBKI,FALSE,50,65896,59513
2024-02-17|KL|0661||AMS,KL,661,17-2-2024,AMS,IAH,174636,175508,128200,"217,595,432",18-2-2024 06:27:00,789,PHBHF,FALSE,10,61860,54727
2024-02-17|KL|0835||AMS,KL,835,17-2-2024,AMS,SIN,231970,232109,172341,"270,633,566",18-2-2024 06:27:00,77W,PHBVA,FALSE,200,113147,103346
2024-02-17|KL|0855||AMS,KL,855,17-2-2024,AMS,ICN,191102,190032,148756,"286,226,524",18-2-2024 06:27:00,772,PHBQO,FALSE,200,84311,78728
2024-02-17|KL|0871||AMS,KL,871,17-2-2024,AMS,DEL,233894,232903,172120,"300,014,059",18-2-2024 06:27:00,77W,PHBVB,FALSE,200,78418,64616
2024-02-17|KL|0879||AMS,KL,879,17-2-2024,AMS,BLR,197561,198904,147699,"236,466,416",18-2-2024 06:27:00,772,PHBQF,FALSE,20,68576,60727
2024-02-18|KL|0835||AMS,KL,835,18-2-2024,AMS,SIN,227649,228119,173036,"275,290,647",19-2-2024 06:29:00,77W,PHBVB,FALSE,200,110355,100642
2024-02-18|KL|0855||AMS,KL,855,18-2-2024,AMS,ICN,190915,191702,148626,"209,372,333",19-2-2024 06:29:00,772,PHBQE,FALSE,200,83612,77998
2024-02-18|KL|0871||AMS,KL,871,18-2-2024,AMS,DEL,180759,181196,132182,"302,043,841",19-2-2024 06:29:00,781,PHBKG,FALSE,200,54373,45526
2024-02-18|KL|0879||AMS,KL,879,18-2-2024,AMS,BLR,169296,170603,127544,"296,663,402",19-2-2024 06:29:00,789,PHBHH,FALSE,10,51080,45547
2024-02-18|KL|0601||AMS,KL,601,18-2-2024,AMS,LAX,175548,177120,132768,"336,343,572",19-2-2024 06:29:00,781,PHBKC,FALSE,50,65466,60000
2024-02-18|KL|0605||AMS,KL,605,18-2-2024,AMS,SFO,171815,172100,132862,"270,890,746",19-2-2024 06:29:00,781,PHBKA,FALSE,10,66643,60249
2024-02-19|KL|0601||AMS,KL,601,19-2-2024,AMS,LAX,180946,181461,133362,"286,738,969",20-2-2024 06:33:00,781,PHBKH,FALSE,100,69662,63385
2024-02-19|KL|0661||AMS,KL,661,19-2-2024,AMS,IAH,170101,171121,128356,"289,862,165",20-2-2024 06:33:00,789,PHBHI,FALSE,10,61404,54766
2024-02-19|KL|0835||AMS,KL,835,19-2-2024,AMS,SIN,220459,220032,172253,"286,213,604",20-2-2024 06:33:00,77W,PHBVP,FALSE,200,107767,98332
2024-02-19|KL|0855||AMS,KL,855,19-2-2024,AMS,ICN,196395,196408,148450,"210,640,362",20-2-2024 06:33:00,772,PHBQF,FALSE,200,88017,82261
2024-02-19|KL|0871||AMS,KL,871,19-2-2024,AMS,DEL,219500,221359,171586,"333,800,433",20-2-2024 06:33:00,77W,PHBVC,FALSE,200,76711,62236
2024-02-19|KL|0879||AMS,KL,879,19-2-2024,AMS,BLR,168455,169168,127599,"260,357,999",20-2-2024 06:33:00,789,PHBHH,FALSE,10,50875,45571
2024-02-20|KL|0601||AMS,KL,601,20-2-2024,AMS,LAX,176465,178053,132858,"266,108,911",21-2-2024 06:28:00,781,PHBKM,FALSE,220,69599,63450
2024-02-20|KL|0605||AMS,KL,605,20-2-2024,AMS,SFO,172523,172953,133260,"299,927,028",21-2-2024 06:28:00,781,PHBKI,FALSE,10,64475,58219
2024-02-20|KL|0835||AMS,KL,835,20-2-2024,AMS,SIN,221314,221813,172099,"299,230,852",21-2-2024 06:28:00,77W,PHBVR,FALSE,200,108339,98739
2024-02-20|KL|0871||AMS,KL,871,20-2-2024,AMS,DEL,217593,218571,169733,"329,421,264",21-2-2024 06:28:00,77W,PHBVW,FALSE,200,71261,59612
2024-02-21|KL|0601||AMS,KL,601,21-2-2024,AMS,LAX,173215,173539,132650,"269,443,243",22-2-2024 06:43:00,781,PHBKF,FALSE,10,65526,60121
2024-02-21|KL|0661||AMS,KL,661,21-2-2024,AMS,IAH,176295,176476,128257,"205,372,841",22-2-2024 06:43:00,789,PHBHF,FALSE,220,64825,58005
2024-02-21|KL|0835||AMS,KL,835,21-2-2024,AMS,SIN,195199,195333,148752,"275,602,883",22-2-2024 06:43:00,772,PHBQO,FALSE,100,90355,83803
2024-02-21|KL|0855||AMS,KL,855,21-2-2024,AMS,ICN,185079,185979,148459,"275,131,156",22-2-2024 06:43:00,772,PHBQD,FALSE,100,80469,75065
2024-02-21|KL|0871||AMS,KL,871,21-2-2024,AMS,DEL,223156,223401,171702,"269,219,064",22-2-2024 06:43:00,77W,PHBVF,FALSE,200,72066,60136
2024-02-22|KL|0601||AMS,KL,601,22-2-2024,AMS,LAX,168879,168394,133263,"229,154,149",23-2-2024 06:31:00,781,PHBKH,FALSE,220,64082,58779
2024-02-22|KL|0605||AMS,KL,605,22-2-2024,AMS,SFO,166945,166945,132921,"219,486,965",23-2-2024 06:31:00,781,PHBKL,FALSE,10,62489,56343
2024-02-22|KL|0661||AMS,KL,661,22-2-2024,AMS,IAH,170056,171004,128156,"1,389,691",23-2-2024 06:31:00,789,PHBHI,FALSE,10,62886,55991
2024-02-22|KL|0835||AMS,KL,835,22-2-2024,AMS,SIN,225522,225301,170510,"306,029,575",23-2-2024 06:31:00,77W,PHBVU,FALSE,200,106231,96826
2024-02-22|KL|0855||AMS,KL,855,22-2-2024,AMS,ICN,192398,193119,148282,"258,699,193",23-2-2024 06:31:00,772,PHBQK,FALSE,200,83588,77988
2024-02-22|KL|0871||AMS,KL,871,22-2-2024,AMS,DEL,176567,177583,132249,"245,062,038",23-2-2024 06:31:00,781,PHBKG,FALSE,10,49985,42261
2024-02-23|KL|0601||AMS,KL,601,23-2-2024,AMS,LAX,158962,158799,128498,"286,314,847",24-2-2024 06:43:00,789,PHBHG,FALSE,50,70000,55633
2024-02-23|KL|0605||AMS,KL,605,23-2-2024,AMS,SFO,160978,162043,132411,"279,140,853",24-2-2024 06:43:00,781,PHBKF,FALSE,10,59924,54410
2024-02-23|KL|0661||AMS,KL,661,23-2-2024,AMS,IAH,165728,166063,128323,"209,357,134",24-2-2024 06:43:00,789,PHBHI,FALSE,10,61259,54404
2024-02-23|KL|0835||AMS,KL,835,23-2-2024,AMS,SIN,227844,227544,172559,"254,316,318",24-2-2024 06:43:00,77W,PHBVD,FALSE,200,110139,101223
2024-02-23|KL|0855||AMS,KL,855,23-2-2024,AMS,ICN,195505,195488,148377,"276,653,166",24-2-2024 06:43:00,772,PHBQF,FALSE,100,87218,81506
2024-02-23|KL|0871||AMS,KL,871,23-2-2024,AMS,DEL,187355,188793,148069,"262,252,262",24-2-2024 06:43:00,772,PHBQM,FALSE,100,59549,50511
2024-02-23|KL|0879||AMS,KL,879,23-2-2024,AMS,BLR,185952,186515,147506,"259,182,212",24-2-2024 06:43:00,772,PHBQD,FALSE,20,63361,55357
2024-02-24|KL|0601||AMS,KL,601,24-2-2024,AMS,LAX,174804,175036,133233,"307,440,472",25-2-2024 06:52:00,781,PHBKI,FALSE,220,67968,61772
2024-02-24|KL|0605||AMS,KL,605,24-2-2024,AMS,SFO,169131,170313,132579,"289,007,097",25-2-2024 06:52:00,781,PHBKC,FALSE,10,63110,57386
2024-02-24|KL|0835||AMS,KL,835,24-2-2024,AMS,SIN,229000,229650,172288,"233,848,673",25-2-2024 06:52:00,77W,PHBVF,FALSE,200,116229,105848
2024-02-24|KL|0855||AMS,KL,855,24-2-2024,AMS,ICN,191712,192425,148422,"325,051,585",25-2-2024 06:52:00,772,PHBQI,FALSE,200,85178,79669
2024-02-24|KL|0871||AMS,KL,871,24-2-2024,AMS,DEL,224263,224683,172123,"266,456,822",25-2-2024 06:52:00,77W,PHBVB,FALSE,200,72982,62290
2024-02-24|KL|0879||AMS,KL,879,24-2-2024,AMS,BLR,194769,195814,147563,"240,634,577",25-2-2024 06:52:00,772,PHBQK,FALSE,100,68137,60387
2024-02-25|KL|0835||AMS,KL,835,25-2-2024,AMS,SIN,227388,226606,172249,"262,309,334",26-2-2024 06:50:00,77W,PHBVP,FALSE,300,119497,109019
2024-02-25|KL|0855||AMS,KL,855,25-2-2024,AMS,ICN,197034,196766,148677,"274,501,434",26-2-2024 06:50:00,772,PHBQH,FALSE,200,88913,83187
2024-02-25|KL|0871||AMS,KL,871,25-2-2024,AMS,DEL,183626,182979,132317,"239,543,006",26-2-2024 06:50:00,781,PHBKA,FALSE,220,55293,47262
2024-02-25|KL|0879||AMS,KL,879,25-2-2024,AMS,BLR,168473,168953,127273,"18,558,402",26-2-2024 06:50:00,789,PHBHC,FALSE,10,51173,45575
2024-02-25|KL|0601||AMS,KL,601,25-2-2024,AMS,LAX,178070,179644,132857,"314,529,621",26-2-2024 06:50:00,781,PHBKG,FALSE,220,72176,65856
2024-02-25|KL|0605||AMS,KL,605,25-2-2024,AMS,SFO,177464,178964,132807,"257,061,513",26-2-2024 06:50:00,781,PHBKM,FALSE,10,66890,60960
2024-02-25|KL|0661||AMS,KL,661,25-2-2024,AMS,IAH,181446,182084,133050,"238,228,725",26-2-2024 06:50:00,781,PHBKK,FALSE,220,69264,61734
2024-02-26|KL|0601||AMS,KL,601,26-2-2024,AMS,LAX,177615,178408,132748,"287,612,686",27-2-2024 06:33:00,781,PHBKD,FALSE,200,72833,67164
2024-02-26|KL|0835||AMS,KL,835,26-2-2024,AMS,SIN,231786,231878,173049,"305,294,289",27-2-2024 06:33:00,77W,PHBVB,FALSE,200,116155,105717
2024-02-26|KL|0855||AMS,KL,855,26-2-2024,AMS,ICN,190200,190507,148924,"250,354,062",27-2-2024 06:33:00,772,PHBQM,FALSE,200,88525,82550
2024-02-26|KL|0871||AMS,KL,871,26-2-2024,AMS,DEL,221597,223011,169674,"261,767,898",27-2-2024 06:33:00,77W,PHBVW,FALSE,200,74013,63534
2024-02-26|KL|0879||AMS,KL,879,26-2-2024,AMS,BLR,160019,160685,127420,"170,647,705",27-2-2024 06:33:00,789,PHBHC,FALSE,220,53900,47236
2024-02-27|KL|0601||AMS,KL,601,27-2-2024,AMS,LAX,175648,175495,133087,"292,108,562",28-2-2024 06:30:00,781,PHBKI,FALSE,100,67489,61992
2024-02-27|KL|0605||AMS,KL,605,27-2-2024,AMS,SFO,166958,167045,133150,"216,221,626",28-2-2024 06:30:00,781,PHBKH,FALSE,10,62475,56770
2024-02-27|KL|0661||AMS,KL,661,27-2-2024,AMS,IAH,186414,186762,148153,"245,225,109",28-2-2024 06:30:00,772,PHBQN,FALSE,200,81562,73542
2024-02-27|KL|0835||AMS,KL,835,27-2-2024,AMS,SIN,228853,228131,172343,"281,853,717",28-2-2024 06:30:00,77W,PHBVA,FALSE,200,116306,105036
2024-02-27|KL|0871||AMS,KL,871,27-2-2024,AMS,DEL,223841,224053,171132,"278,525,829",28-2-2024 06:30:00,77W,PHBVR,FALSE,200,76282,65567
2024-02-28|KL|0661||AMS,KL,661,28-2-2024,AMS,IAH,195602,196047,148575,"250,839,455",29-2-2024 06:30:00,772,PHBQM,FALSE,200,86115,77425
2024-02-28|KL|0835||AMS,KL,835,28-2-2024,AMS,SIN,191846,191581,148474,"262,734,782",29-2-2024 06:30:00,772,PHBQF,FALSE,250,94608,88038
2024-02-28|KL|0855||AMS,KL,855,28-2-2024,AMS,ICN,193811,194395,148709,"249,847,714",29-2-2024 06:30:00,772,PHBQH,FALSE,200,89651,83984
2024-02-28|KL|0871||AMS,KL,871,28-2-2024,AMS,DEL,219609,219792,171696,"274,975,889",29-2-2024 06:30:00,77W,PHBVK,FALSE,200,74172,63495
2024-02-28|KL|0879||AMS,KL,879,28-2-2024,AMS,BLR,177829,178179,147528,"26,419,357",29-2-2024 06:30:00,772,PHBQP,FALSE,100,61015,54486
2024-02-29|KL|0601||AMS,KL,601,29-2-2024,AMS,LAX,176298,177079,133220,"277,579,496",1/3/2024 6:29,781,PHBKL,FALSE,220,68674,63127
2024-02-29|KL|0605||AMS,KL,605,29-2-2024,AMS,SFO,160895,160947,132541,"227,434,575",1/3/2024 6:29,781,PHBKC,FALSE,220,64207,58645
2024-02-29|KL|0661||AMS,KL,661,29-2-2024,AMS,IAH,156568,156575,128206,"272,395,786",1/3/2024 6:29,789,PHBHM,FALSE,220,61776,55061
2024-02-29|KL|0835||AMS,KL,835,29-2-2024,AMS,SIN,232068,232743,172097,"256,279,533",1/3/2024 6:29,77W,PHBVN,FALSE,200,118202,107055
2024-02-29|KL|0855||AMS,KL,855,29-2-2024,AMS,ICN,191358,191162,148519,"233,811,997",1/3/2024 6:29,772,PHBQD,FALSE,200,85936,80469
2024-02-29|KL|0871||AMS,KL,871,29-2-2024,AMS,DEL,172222,173083,131855,"213,035,022",1/3/2024 6:29,781,PHBKD,FALSE,200,53000,45367
2024-03-01|KL|0879||AMS,KL,879,1/3/2024,AMS,BLR,186045,186794,147341,"232,714,775",2/3/2024 6:29,772,PHBQA,FALSE,200,65891,58269
2024-03-01|KL|0835||AMS,KL,835,1/3/2024,AMS,SIN,227092,226535,172368,"267,899,349",2/3/2024 6:29,77W,PHBVP,FALSE,200,115550,104664
2024-03-01|KL|0855||AMS,KL,855,1/3/2024,AMS,ICN,194739,196314,148390,"236,799,778",2/3/2024 6:29,772,PHBQP,FALSE,200,88964,83259
2024-03-01|KL|0871||AMS,KL,871,1/3/2024,AMS,DEL,188088,188815,147462,"224,195,252",2/3/2024 6:29,772,PHBQK,FALSE,200,68534,56321
2024-03-01|KL|0601||AMS,KL,601,1/3/2024,AMS,LAX,175850,177600,133281,"284,095,689",2/3/2024 6:29,781,PHBKK,FALSE,220,69596,64040
2024-03-01|KL|0605||AMS,KL,605,1/3/2024,AMS,SFO,179226,180617,132605,"28,193,097",2/3/2024 6:29,781,PHBKA,FALSE,100,70051,64052
2024-03-01|KL|0661||AMS,KL,661,1/3/2024,AMS,IAH,171901,172519,127846,"296,740,489",2/3/2024 6:29,789,PHBHC,FALSE,10,62525,55345
2024-03-02|KL|0601||AMS,KL,601,2/3/2024,AMS,LAX,177477,178736,132785,"258,258,213",3/3/2024 6:28,781,PHBKG,FALSE,220,70170,64519
2024-03-02|KL|0605||AMS,KL,605,2/3/2024,AMS,SFO,173316,174317,133134,"284,170,583",3/3/2024 6:28,781,PHBKH,FALSE,10,63689,58475
2024-03-02|KL|0661||AMS,KL,661,2/3/2024,AMS,IAH,165216,168375,128296,"32,468,269",3/3/2024 6:28,789,PHBHL,FALSE,10,58814,52434
2024-03-02|KL|0835||AMS,KL,835,2/3/2024,AMS,SIN,226398,227247,172496,"274,574,841",3/3/2024 6:28,77W,PHBVC,FALSE,200,115556,105196
2024-03-02|KL|0855||AMS,KL,855,2/3/2024,AMS,ICN,195661,195291,148656,"318,071,069",3/3/2024 6:28,772,PHBQF,FALSE,200,90271,84518
2024-03-02|KL|0871||AMS,KL,871,2/3/2024,AMS,DEL,221349,221616,171390,"319,683,805",3/3/2024 6:28,77W,PHBVF,FALSE,200,77353,64858
2024-03-02|KL|0879||AMS,KL,879,2/3/2024,AMS,BLR,193653,194351,147451,"303,129,469",3/3/2024 6:28,772,PHBQK,FALSE,100,67156,59673
2024-03-03|KL|0601||AMS,KL,601,3/3/2024,AMS,LAX,177614,177814,132640,"263,383,595",4/3/2024 6:29,781,PHBKD,FALSE,10,67682,62075
2024-03-03|KL|0605||AMS,KL,605,3/3/2024,AMS,SFO,181944,181486,133194,"244,351,922",4/3/2024 6:29,781,PHBKK,FALSE,10,65012,59120
2024-03-03|KL|0661||AMS,KL,661,3/3/2024,AMS,IAH,170456,171348,128359,"245,432,415",4/3/2024 6:29,789,PHBHI,FALSE,10,61325,54379
2024-03-03|KL|0835||AMS,KL,835,3/3/2024,AMS,SIN,224261,221590,172531,"283,833,128",4/3/2024 6:29,77W,PHBVK,FALSE,200,115975,105690
2024-03-03|KL|0855||AMS,KL,855,3/3/2024,AMS,ICN,190662,191386,148650,"275,584,176",4/3/2024 6:29,772,PHBQH,FALSE,200,89181,83520
2024-03-03|KL|0871||AMS,KL,871,3/3/2024,AMS,DEL,179142,178990,132168,"235,277,169",4/3/2024 6:29,781,PHBKC,FALSE,220,55355,47632
2024-03-03|KL|0879||AMS,KL,879,3/3/2024,AMS,BLR,169593,170688,127681,"265,225,895",4/3/2024 6:29,789,PHBHG,FALSE,10,51936,45896
2024-03-04|KL|0601||AMS,KL,601,4/3/2024,AMS,LAX,183257,184846,133000,"217,479,583",5/3/2024 6:28,781,PHBKA,FALSE,10,68902,63196
2024-03-04|KL|0661||AMS,KL,661,4/3/2024,AMS,IAH,174488,174941,127879,"304,408,554",5/3/2024 6:28,789,PHBHA,FALSE,10,62048,55078
2024-03-04|KL|0835||AMS,KL,835,4/3/2024,AMS,SIN,222319,221886,172342,"291,957,134",5/3/2024 6:28,77W,PHBVA,FALSE,200,113800,103597
2024-03-04|KL|0855||AMS,KL,855,4/3/2024,AMS,ICN,187223,188120,148298,"302,088,466",5/3/2024 6:28,772,PHBQA,FALSE,200,86536,80889
2024-03-04|KL|0871||AMS,KL,871,4/3/2024,AMS,DEL,216246,218380,171500,"264,546,234",5/3/2024 6:28,77W,PHBVC,FALSE,200,74431,64117
2024-03-04|KL|0879||AMS,KL,879,4/3/2024,AMS,BLR,165116,165399,127894,"24,247,234",5/3/2024 6:28,789,PHBHI,FALSE,10,50821,44872
2024-03-05|KL|0601||AMS,KL,601,5/3/2024,AMS,LAX,173630,174513,133155,"273,337,505",6/3/2024 6:29,781,PHBKH,FALSE,150,64453,59043
2024-03-05|KL|0605||AMS,KL,605,5/3/2024,AMS,SFO,162212,162776,128323,"275,343,545",6/3/2024 6:29,789,PHBHD,FALSE,10,58012,52826
2024-03-05|KL|0661||AMS,KL,661,5/3/2024,AMS,IAH,159668,159965,128204,"29,737,842",6/3/2024 6:29,789,PHBHL,FALSE,10,57690,51499
2024-03-05|KL|0835||AMS,KL,835,5/3/2024,AMS,SIN,231987,232836,172565,"289,588,794",6/3/2024 6:29,77W,PHBVC,FALSE,100,115210,104705
2024-03-05|KL|0871||AMS,KL,871,5/3/2024,AMS,DEL,226289,227335,171881,"238,118,592",6/3/2024 6:29,77W,PHBVG,FALSE,200,79759,65266
2024-03-06|KL|0601||AMS,KL,601,6/3/2024,AMS,LAX,178162,179189,133259,"238,278,887",7/3/2024 6:28,781,PHBKL,FALSE,220,67907,62352
2024-03-06|KL|0661||AMS,KL,661,6/3/2024,AMS,IAH,163661,163735,128104,"302,845,017",7/3/2024 6:28,789,PHBHP,FALSE,10,58784,52114
2024-03-06|KL|0835||AMS,KL,835,6/3/2024,AMS,SIN,192446,192199,148740,"258,428,535",7/3/2024 6:28,772,PHBQE,FALSE,200,96337,89753
2024-03-06|KL|0855||AMS,KL,855,6/3/2024,AMS,ICN,190966,191939,148542,"251,525,046",7/3/2024 6:28,772,PHBQI,FALSE,300,86534,80947
2024-03-06|KL|0871||AMS,KL,871,6/3/2024,AMS,DEL,223511,224178,171333,"262,518,959",7/3/2024 6:28,77W,PHBVG,FALSE,200,73511,63023
2024-03-06|KL|0879||AMS,KL,879,6/3/2024,AMS,BLR,178211,178450,148104,"240,474,975",7/3/2024 6:28,772,PHBQM,FALSE,200,64995,56672
2024-03-07|KL|0601||AMS,KL,601,7/3/2024,AMS,LAX,174148,173526,132541,"260,741,111",8/3/2024 10:36,781,PHBKD,FALSE,10,65054,59591
2024-03-07|KL|0605||AMS,KL,605,7/3/2024,AMS,SFO,164230,165249,132643,"205,341,153",8/3/2024 10:36,781,PHBKM,FALSE,10,60045,54450
2024-03-07|KL|0661||AMS,KL,661,7/3/2024,AMS,IAH,158700,158823,128252,"252,272,417",8/3/2024 10:36,789,PHBHM,FALSE,220,59845,53156
2024-03-07|KL|0835||AMS,KL,835,7/3/2024,AMS,SIN,232641,232801,172191,"263,844,456",8/3/2024 10:36,77W,PHBVF,FALSE,20,115735,105289
2024-03-07|KL|0855||AMS,KL,855,7/3/2024,AMS,ICN,192406,192561,148708,"271,725,358",8/3/2024 10:36,772,PHBQH,FALSE,250,88170,82518
2024-03-07|KL|0871||AMS,KL,871,7/3/2024,AMS,DEL,186319,186653,132257,"233,650,318",8/3/2024 10:36,781,PHBKG,FALSE,220,55861,47709
2024-03-08|KL|0601||AMS,KL,601,8/3/2024,AMS,LAX,175261,176527,133224,"217,502,768",9/3/2024 6:27,781,PHBKH,FALSE,10,63821,58358
2024-03-08|KL|0605||AMS,KL,605,8/3/2024,AMS,SFO,164923,166153,132504,"244,909,319",9/3/2024 6:27,781,PHBKF,FALSE,10,60264,54661
2024-03-08|KL|0661||AMS,KL,661,8/3/2024,AMS,IAH,209892,211606,169920,"236,451,239",9/3/2024 6:27,77W,PHBVU,FALSE,200,86881,78725
2024-03-08|KL|0835||AMS,KL,835,8/3/2024,AMS,SIN,230540,230673,172617,"266,021,927",9/3/2024 6:27,77W,PHBVD,FALSE,200,117761,106970
2024-03-08|KL|0855||AMS,KL,855,8/3/2024,AMS,ICN,197509,197225,148501,"25,783,881",9/3/2024 6:27,772,PHBQF,FALSE,200,89487,83726
2024-03-08|KL|0871||AMS,KL,871,8/3/2024,AMS,DEL,186722,186563,147245,"252,100,036",9/3/2024 6:27,772,PHBQC,FALSE,200,60711,51653
2024-03-08|KL|0879||AMS,KL,879,8/3/2024,AMS,BLR,183802,183375,147851,"257,063,465",9/3/2024 6:27,772,PHBQE,FALSE,200,64742,57996
2024-03-09|KL|0601||AMS,KL,601,9/3/2024,AMS,LAX,185023,186067,132785,"247,790,939",10/3/2024 6:27,781,PHBKG,FALSE,10,67896,62139
2024-03-09|KL|0605||AMS,KL,605,9/3/2024,AMS,SFO,175974,175721,132651,"315,925,967",10/3/2024 6:27,781,PHBKC,FALSE,10,65464,59589
2024-03-09|KL|0661||AMS,KL,661,9/3/2024,AMS,IAH,189471,190360,148450,"224,653,818",10/3/2024 6:27,772,PHBQO,FALSE,100,76758,68583
2024-03-09|KL|0835||AMS,KL,835,9/3/2024,AMS,SIN,227813,227600,172518,"278,398,493",10/3/2024 6:27,77W,PHBVC,FALSE,200,116025,105264
2024-03-09|KL|0855||AMS,KL,855,9/3/2024,AMS,ICN,195142,195537,148246,"269,747,463",10/3/2024 6:27,772,PHBQB,FALSE,200,84564,78986
2024-03-09|KL|0871||AMS,KL,871,9/3/2024,AMS,DEL,220009,219773,171388,"248,395,774",10/3/2024 6:27,77W,PHBVF,FALSE,200,71574,61242
2024-03-09|KL|0879||AMS,KL,879,9/3/2024,AMS,BLR,189979,190228,147977,"242,756,877",10/3/2024 6:27,772,PHBQH,FALSE,150,69204,60658
2024-03-10|KL|0601||AMS,KL,601,10/3/2024,AMS,LAX,178410,181637,132927,"358,013,453",11/3/2024 6:28,781,PHBKM,FALSE,100,67172,61614
2024-03-10|KL|0605||AMS,KL,605,10/3/2024,AMS,SFO,177202,177405,132611,"317,146,899",11/3/2024 6:28,781,PHBKF,FALSE,200,66841,60965
2024-03-10|KL|0661||AMS,KL,661,10/3/2024,AMS,IAH,176854,177736,128188,"237,750,172",11/3/2024 6:28,789,PHBHC,FALSE,220,62920,55877
2024-03-10|KL|0871||AMS,KL,871,10/3/2024,AMS,DEL,176674,176538,132076,"261,633,747",11/3/2024 6:28,781,PHBKD,FALSE,200,51661,43732
2024-03-11|KL|0601||AMS,KL,601,11/3/2024,AMS,LAX,180164,180641,133290,"22,064,803",12/3/2024 8:33,781,PHBKK,FALSE,220,67300,61733
2024-03-11|KL|0835||AMS,KL,835,11/3/2024,AMS,SIN,223705,225730,172291,"248,781,472",12/3/2024 8:33,77W,PHBVP,FALSE,200,117435,105063
2024-03-11|KL|0855||AMS,KL,855,11/3/2024,AMS,ICN,189158,190051,148198,"28,186,892",12/3/2024 8:33,772,PHBQA,FALSE,200,85432,79829
2024-03-11|KL|0871||AMS,KL,871,11/3/2024,AMS,DEL,221439,223922,171495,"286,997,573",12/3/2024 8:33,77W,PHBVK,FALSE,200,74122,62278
2024-03-11|KL|0879||AMS,KL,879,11/3/2024,AMS,BLR,168080,168305,127613,"289,121,826",12/3/2024 8:33,789,PHBHN,FALSE,10,50898,45383
2024-03-12|KL|0661||AMS,KL,661,12/3/2024,AMS,IAH,178309,179283,132708,"25,329,342",13-3-2024 06:28:00,781,PHBKF,FALSE,10,65189,57843
2024-03-12|KL|0601||AMS,KL,601,12/3/2024,AMS,LAX,178198,178680,133113,"227,554,116",13-3-2024 06:28:00,781,PHBKI,FALSE,220,69155,63530
2024-03-12|KL|0605||AMS,KL,605,12/3/2024,AMS,SFO,175830,176874,133281,"30,718,772",13-3-2024 06:28:00,781,PHBKH,FALSE,100,65824,59974
2024-03-12|KL|0835||AMS,KL,835,12/3/2024,AMS,SIN,228460,229340,172373,"27,275,421",13-3-2024 06:28:00,77W,PHBVG,FALSE,200,114754,104101
2024-03-12|KL|0871||AMS,KL,871,12/3/2024,AMS,DEL,225938,226267,171492,"240,404,858",13-3-2024 06:28:00,77W,PHBVK,FALSE,200,76957,63200
2024-03-13|KL|0601||AMS,KL,601,13-3-2024,AMS,LAX,221676,221256,172868,"250,454,712",14-3-2024 06:27:00,77W,PHBVB,FALSE,150,90374,83737
2024-03-13|KL|0661||AMS,KL,661,13-3-2024,AMS,IAH,174831,175264,127846,"230,587,851",14-3-2024 06:27:00,789,PHBHC,FALSE,10,63231,56071
2024-03-13|KL|0835||AMS,KL,835,13-3-2024,AMS,SIN,193842,194273,148094,"305,459,944",14-3-2024 06:27:00,772,PHBQC,FALSE,300,96627,90022
2024-03-13|KL|0855||AMS,KL,855,13-3-2024,AMS,ICN,186337,186352,148177,"292,892,349",14-3-2024 06:27:00,772,PHBQB,FALSE,200,84537,79110
2024-03-13|KL|0871||AMS,KL,871,13-3-2024,AMS,DEL,219831,220479,171580,"290,476,483",14-3-2024 06:27:00,77W,PHBVP,FALSE,20,69396,57950
2024-03-13|KL|0879||AMS,KL,879,13-3-2024,AMS,BLR,179248,179486,147540,"248,221,778",14-3-2024 06:27:00,772,PHBQL,FALSE,200,64874,57515
2024-03-14|KL|0601||AMS,KL,601,14-3-2024,AMS,LAX,176356,177490,132771,"202,659,662",15-3-2024 06:27:00,781,PHBKM,FALSE,100,67672,60665
2024-03-14|KL|0605||AMS,KL,605,14-3-2024,AMS,SFO,172790,173033,132505,"302,563,716",15-3-2024 06:27:00,781,PHBKD,FALSE,10,63100,57178
2024-03-14|KL|0661||AMS,KL,661,14-3-2024,AMS,IAH,161433,161632,128216,"302,979,692",15-3-2024 06:27:00,789,PHBHM,FALSE,100,60451,53774
2024-03-14|KL|0835||AMS,KL,835,14-3-2024,AMS,SIN,222681,221589,170655,"280,555,596",15-3-2024 06:27:00,77W,PHBVV,FALSE,200,111581,101224
2024-03-14|KL|0855||AMS,KL,855,14-3-2024,AMS,ICN,183509,184452,148228,"265,161,613",15-3-2024 06:27:00,772,PHBQP,FALSE,150,82614,77209
2024-03-14|KL|0871||AMS,KL,871,14-3-2024,AMS,DEL,166260,175032,132122,"296,323,055",15-3-2024 06:27:00,781,PHBKA,FALSE,10,50347,42735
2024-03-15|KL|0601||AMS,KL,601,15-3-2024,AMS,LAX,187221,186876,148373,"270,810,304",16-3-2024 06:28:00,772,PHBQK,FALSE,200,79046,72186
2024-03-15|KL|0605||AMS,KL,605,15-3-2024,AMS,SFO,171977,175507,132797,"313,041,749",16-3-2024 06:28:00,781,PHBKG,FALSE,10,63973,58059
2024-03-15|KL|0661||AMS,KL,661,15-3-2024,AMS,IAH,164688,165183,128324,"310,501,871",16-3-2024 06:28:00,789,PHBHN,FALSE,150,61687,54841
2024-03-15|KL|0835||AMS,KL,835,15-3-2024,AMS,SIN,226635,226572,172673,"259,543,368",16-3-2024 06:28:00,77W,PHBVI,FALSE,250,114756,104857
2024-03-15|KL|0855||AMS,KL,855,15-3-2024,AMS,ICN,189221,189657,148523,"263,514,231",16-3-2024 06:28:00,772,PHBQF,FALSE,200,85800,80162
2024-03-15|KL|0871||AMS,KL,871,15-3-2024,AMS,DEL,185799,185558,147986,"286,630,785",16-3-2024 06:28:00,772,PHBQO,FALSE,200,59828,50961
2024-03-15|KL|0879||AMS,KL,879,15-3-2024,AMS,BLR,179486,179953,147311,"269,495,244",16-3-2024 06:28:00,772,PHBQC,FALSE,20,62196,54238
2024-03-16|KL|0661||AMS,KL,661,16-3-2024,AMS,IAH,195499,197828,148186,"268,733,576",17-3-2024 06:28:00,772,PHBQP,FALSE,100,79874,71258
2024-03-16|KL|0835||AMS,KL,835,16-3-2024,AMS,SIN,225088,226432,172334,"261,997,096",17-3-2024 06:28:00,77W,PHBVA,FALSE,20,108131,98503
2024-03-16|KL|0855||AMS,KL,855,16-3-2024,AMS,ICN,196653,196783,148579,"22,033,819",17-3-2024 06:28:00,772,PHBQE,FALSE,100,85822,80111
2024-03-16|KL|0871||AMS,KL,871,16-3-2024,AMS,DEL,226575,228374,171364,"314,464,649",17-3-2024 06:28:00,77W,PHBVF,FALSE,20,70328,59840
2024-03-16|KL|0879||AMS,KL,879,16-3-2024,AMS,BLR,190358,190423,147679,"275,750,341",17-3-2024 06:28:00,772,PHBQL,FALSE,200,66114,57760
2024-03-16|KL|0601||AMS,KL,601,16-3-2024,AMS,LAX,177439,179225,132681,"176,795,774",17-3-2024 06:28:00,781,PHBKC,FALSE,10,67207,61568
2024-03-16|KL|0605||AMS,KL,605,16-3-2024,AMS,SFO,214413,214248,171788,"286,270,172",17-3-2024 06:28:00,77W,PHBVR,FALSE,200,88487,81398
2024-03-17|KL|0601||AMS,KL,601,17-3-2024,AMS,LAX,179877,181555,133266,"298,838,855",18-3-2024 06:29:00,781,PHBKI,FALSE,10,63268,57828
2024-03-17|KL|0605||AMS,KL,605,17-3-2024,AMS,SFO,181177,182458,132807,"317,072,858",18-3-2024 06:29:00,781,PHBKM,FALSE,10,63146,57235
2024-03-17|KL|0661||AMS,KL,661,17-3-2024,AMS,IAH,193475,193971,148136,"263,513,474",18-3-2024 06:29:00,772,PHBQF,FALSE,20,77888,69221
2024-03-17|KL|0835||AMS,KL,835,17-3-2024,AMS,SIN,237479,235714,172320,"244,483,423",18-3-2024 06:29:00,77W,PHBVP,FALSE,20,112248,102274
2024-03-17|KL|0855||AMS,KL,855,17-3-2024,AMS,ICN,217441,216534,173287,"297,998,914",18-3-2024 06:29:00,77W,PHBVB,FALSE,200,93363,87475
2024-03-17|KL|0871||AMS,KL,871,17-3-2024,AMS,DEL,175339,175810,132325,"266,138,348",18-3-2024 06:29:00,781,PHBKA,FALSE,10,50252,42670
2024-03-17|KL|0879||AMS,KL,879,17-3-2024,AMS,BLR,170857,171880,127470,"232,762,869",18-3-2024 06:29:00,789,PHBHA,FALSE,10,50977,45400
2024-03-18|KL|0601||AMS,KL,601,18-3-2024,AMS,LAX,183400,183011,132715,"273,540,517",19-3-2024 06:36:00,781,PHBKD,FALSE,10,66568,60932
2024-03-18|KL|0661||AMS,KL,661,18-3-2024,AMS,IAH,198299,198873,148111,"302,529,466",19-3-2024 06:36:00,772,PHBQG,FALSE,100,76960,68392
2024-03-18|KL|0835||AMS,KL,835,18-3-2024,AMS,SIN,232710,233197,172314,"239,785,795",19-3-2024 06:36:00,77W,PHBVS,FALSE,200,115264,104313
2024-03-18|KL|0855||AMS,KL,855,18-3-2024,AMS,ICN,191565,192419,148545,"255,837,956",19-3-2024 06:36:00,772,PHBQD,FALSE,20,81064,75569
2024-03-18|KL|0871||AMS,KL,871,18-3-2024,AMS,DEL,217676,218681,171223,"304,812,934",19-3-2024 06:36:00,77W,PHBVN,FALSE,20,67464,57252
2024-03-18|KL|0879||AMS,KL,879,18-3-2024,AMS,BLR,158189,158403,127396,"289,836,752",19-3-2024 06:36:00,789,PHBHA,FALSE,10,49178,43376
2024-03-19|KL|0601||AMS,KL,601,19-3-2024,AMS,LAX,179673,180419,132819,"23,227,105",20-3-2024 06:28:00,781,PHBKM,FALSE,10,65268,59771
2024-03-19|KL|0605||AMS,KL,605,19-3-2024,AMS,SFO,182271,182263,133161,"270,773,225",20-3-2024 06:28:00,781,PHBKK,FALSE,10,65280,59327
2024-03-19|KL|0661||AMS,KL,661,19-3-2024,AMS,IAH,194691,195152,147837,"237,953,719",20-3-2024 06:28:00,772,PHBQC,FALSE,20,77633,68987
2024-03-19|KL|0835||AMS,KL,835,19-3-2024,AMS,SIN,229442,229510,172360,"242,034,236",20-3-2024 06:28:00,77W,PHBVG,FALSE,200,118626,108482
2024-03-19|KL|0871||AMS,KL,871,19-3-2024,AMS,DEL,203642,219315,171620,"287,108,598",20-3-2024 06:28:00,77W,PHBVD,FALSE,20,68601,58187
2024-03-20|KL|0601||AMS,KL,601,20-3-2024,AMS,LAX,175949,176369,133248,"265,741,321",21-3-2024 06:27:00,781,PHBKI,FALSE,10,65096,59655
2024-03-20|KL|0661||AMS,KL,661,20-3-2024,AMS,IAH,171572,171820,128201,"226,829,201",21-3-2024 06:27:00,789,PHBHO,FALSE,100,63312,56348
2024-03-20|KL|0835||AMS,KL,835,20-3-2024,AMS,SIN,224637,223905,172485,"266,112,434",21-3-2024 06:27:00,77W,PHBVC,FALSE,200,113514,103618
2024-03-20|KL|0855||AMS,KL,855,20-3-2024,AMS,ICN,189893,189599,148387,"247,534,978",21-3-2024 06:27:00,772,PHBQP,FALSE,20,81864,76317
2024-03-20|KL|0871||AMS,KL,871,20-3-2024,AMS,DEL,223833,225243,171319,"239,593,827",21-3-2024 06:27:00,77W,PHBVF,FALSE,150,72870,62297
2024-03-20|KL|0879||AMS,KL,879,20-3-2024,AMS,BLR,185030,185926,147357,"248,572,707",21-3-2024 06:27:00,772,PHBQA,FALSE,200,64123,57336
2024-03-21|KL|0601||AMS,KL,601,21-3-2024,AMS,LAX,179797,180532,132909,"236,027,164",22-3-2024 06:27:00,781,PHBKM,FALSE,220,69091,63488
2024-03-21|KL|0605||AMS,KL,605,21-3-2024,AMS,SFO,173349,173739,132772,"273,881,294",22-3-2024 06:27:00,781,PHBKA,FALSE,10,65226,59376
2024-03-21|KL|0661||AMS,KL,661,21-3-2024,AMS,IAH,189501,190317,148177,"256,068,636",22-3-2024 06:27:00,772,PHBQI,FALSE,200,81074,71701
2024-03-21|KL|0835||AMS,KL,835,21-3-2024,AMS,SIN,225936,227030,172051,"244,689,317",22-3-2024 06:27:00,77W,PHBVN,FALSE,200,113220,102775
2024-03-21|KL|0855||AMS,KL,855,21-3-2024,AMS,ICN,191084,190943,148272,"285,624,664",22-3-2024 06:27:00,772,PHBQK,FALSE,100,83791,77787
2024-03-21|KL|0871||AMS,KL,871,21-3-2024,AMS,DEL,180786,180798,132020,"243,364,587",22-3-2024 06:27:00,781,PHBKF,FALSE,220,53865,45013
2024-03-22|KL|0601||AMS,KL,601,22-3-2024,AMS,LAX,174832,176348,132733,"242,208,995",23-3-2024 06:27:00,781,PHBKD,FALSE,50,67638,62071
2024-03-22|KL|0605||AMS,KL,605,22-3-2024,AMS,SFO,171609,172730,133050,"290,548,608",23-3-2024 06:27:00,781,PHBKK,FALSE,10,63324,57679
2024-03-22|KL|0661||AMS,KL,661,22-3-2024,AMS,IAH,189390,193291,148145,"212,516,781",23-3-2024 06:27:00,772,PHBQI,FALSE,250,81140,72896
2024-03-22|KL|0835||AMS,KL,835,22-3-2024,AMS,SIN,219512,221181,172373,"294,242,474",23-3-2024 06:27:00,77W,PHBVS,FALSE,200,109887,100289
2024-03-22|KL|0855||AMS,KL,855,22-3-2024,AMS,ICN,198372,199331,148253,"277,750,093",23-3-2024 06:27:00,772,PHBQA,FALSE,200,89204,83370
2024-03-22|KL|0871||AMS,KL,871,22-3-2024,AMS,DEL,223631,222464,172068,"3,022,714",23-3-2024 06:27:00,77W,PHBVB,FALSE,200,72067,60002
2024-03-22|KL|0879||AMS,KL,879,22-3-2024,AMS,BLR,185045,185835,147807,"268,579,961",23-3-2024 06:27:00,772,PHBQN,FALSE,20,64340,56871
2024-03-23|KL|0601||AMS,KL,601,23-3-2024,AMS,LAX,177843,179267,133251,"234,131,102",24-3-2024 06:28:00,781,PHBKI,FALSE,150,73245,66053
2024-03-23|KL|0605||AMS,KL,605,23-3-2024,AMS,SFO,174786,175999,132560,"301,204,496",24-3-2024 06:28:00,781,PHBKF,FALSE,10,65792,59963
2024-03-23|KL|0661||AMS,KL,661,23-3-2024,AMS,IAH,194842,195670,148835,"253,511,644",24-3-2024 06:28:00,772,PHBQM,FALSE,20,79652,71110
2024-03-23|KL|0835||AMS,KL,835,23-3-2024,AMS,SIN,235304,236269,172357,"248,792,499",24-3-2024 06:28:00,77W,PHBVF,FALSE,20,115730,105680
2024-03-23|KL|0855||AMS,KL,855,23-3-2024,AMS,ICN,194981,194885,148925,"277,844,278",24-3-2024 06:28:00,772,PHBQF,FALSE,200,87791,82048
2024-03-23|KL|0871||AMS,KL,871,23-3-2024,AMS,DEL,217348,217712,171586,"325,772,554",24-3-2024 06:28:00,77W,PHBVC,FALSE,200,71384,61050
2024-03-23|KL|0879||AMS,KL,879,23-3-2024,AMS,BLR,193442,194996,147654,"254,183,614",24-3-2024 06:28:00,772,PHBQG,FALSE,200,69163,61282
2024-03-24|KL|0601||AMS,KL,601,24-3-2024,AMS,LAX,180933,182662,132984,"297,011,838",25-3-2024 06:29:00,781,PHBKM,FALSE,220,68081,62513
2024-03-24|KL|0605||AMS,KL,605,24-3-2024,AMS,SFO,176552,177908,133158,"27,531,571",25-3-2024 06:29:00,781,PHBKK,FALSE,10,63495,57688
2024-03-24|KL|0661||AMS,KL,661,24-3-2024,AMS,IAH,197057,197352,147905,"260,808,886",25-3-2024 06:29:00,772,PHBQA,FALSE,200,86261,77399
2024-03-24|KL|0835||AMS,KL,835,24-3-2024,AMS,SIN,220597,220407,172185,"284,973,252",25-3-2024 06:29:00,77W,PHBVA,FALSE,200,111172,101512
2024-03-24|KL|0855||AMS,KL,855,24-3-2024,AMS,ICN,185740,185636,148788,"216,863,341",25-3-2024 06:29:00,772,PHBQM,FALSE,200,83628,78108
2024-03-24|KL|0871||AMS,KL,871,24-3-2024,AMS,DEL,173876,174065,132325,"301,474,716",25-3-2024 06:29:00,781,PHBKA,FALSE,200,50614,42971
2024-03-24|KL|0879||AMS,KL,879,24-3-2024,AMS,BLR,174404,175582,127390,"274,202,427",25-3-2024 06:29:00,789,PHBHE,FALSE,200,55425,49206
2024-03-25|KL|0601||AMS,KL,601,25-3-2024,AMS,LAX,180875,181613,133359,"273,372,555",26-3-2024 06:33:00,781,PHBKI,FALSE,50,67000,61456
2024-03-25|KL|0661||AMS,KL,661,25-3-2024,AMS,IAH,191197,191081,148675,"218,470,262",26-3-2024 06:33:00,772,PHBQG,FALSE,300,85899,77590
2024-03-25|KL|0835||AMS,KL,835,25-3-2024,AMS,SIN,231615,231211,172764,"224,823,808",26-3-2024 06:33:00,77W,PHBVI,FALSE,200,113083,103137
2024-03-25|KL|0855||AMS,KL,855,25-3-2024,AMS,ICN,189606,190926,148791,"281,937,068",26-3-2024 06:33:00,772,PHBQO,FALSE,200,84653,79055
2024-03-25|KL|0871||AMS,KL,871,25-3-2024,AMS,DEL,215850,218798,171273,"249,802,194",26-3-2024 06:33:00,77W,PHBVF,FALSE,20,71036,58164
2024-03-25|KL|0879||AMS,KL,879,25-3-2024,AMS,BLR,157704,158264,127334,"261,906,335",26-3-2024 06:33:00,789,PHBHE,FALSE,10,48147,42857
2024-03-26|KL|0601||AMS,KL,601,26-3-2024,AMS,LAX,180031,180921,132817,"302,124,635",27-3-2024 06:28:00,781,PHBKA,FALSE,10,67138,61548
2024-03-26|KL|0605||AMS,KL,605,26-3-2024,AMS,SFO,174218,174224,133215,"327,457,554",27-3-2024 06:28:00,781,PHBKK,FALSE,10,62414,56697
2024-03-26|KL|0661||AMS,KL,661,26-3-2024,AMS,IAH,188714,189326,147862,"223,877,408",27-3-2024 06:28:00,772,PHBQA,FALSE,200,85432,76633
2024-03-26|KL|0835||AMS,KL,835,26-3-2024,AMS,SIN,221852,222680,172156,"290,992,598",27-3-2024 06:28:00,77W,PHBVR,FALSE,100,109637,99956
2024-03-26|KL|0871||AMS,KL,871,26-3-2024,AMS,DEL,216441,217542,171357,"327,850,455",27-3-2024 06:28:00,77W,PHBVG,FALSE,20,68450,58162
2024-03-27|KL|0601||AMS,KL,601,27-3-2024,AMS,LAX,174634,175649,133059,"286,951,608",28-3-2024 06:27:00,781,PHBKM,FALSE,10,64224,58840
2024-03-27|KL|0661||AMS,KL,661,27-3-2024,AMS,IAH,187042,187775,147895,"249,462,109",28-3-2024 06:27:00,772,PHBQK,FALSE,50,76938,68718
2024-03-27|KL|0835||AMS,KL,835,27-3-2024,AMS,SIN,232630,231368,172844,"264,121,043",28-3-2024 06:27:00,77W,PHBVC,FALSE,200,117882,107834
2024-03-27|KL|0855||AMS,KL,855,27-3-2024,AMS,ICN,195664,196353,148488,"292,930,712",28-3-2024 06:27:00,772,PHBQG,FALSE,200,88498,82798
2024-03-27|KL|0871||AMS,KL,871,27-3-2024,AMS,DEL,218132,219256,171329,"313,608,348",28-3-2024 06:27:00,77W,PHBVG,FALSE,20,70551,60215
2024-03-27|KL|0879||AMS,KL,879,27-3-2024,AMS,BLR,185456,186056,147355,"282,642,028",28-3-2024 06:27:00,772,PHBQA,FALSE,200,68134,60549
2024-03-28|KL|0601||AMS,KL,601,28-3-2024,AMS,LAX,178953,179078,133377,"210,539,235",29-3-2024 06:28:00,781,PHBKI,FALSE,220,69015,62783
2024-03-28|KL|0605||AMS,KL,605,28-3-2024,AMS,SFO,171796,172743,132597,"311,155,358",29-3-2024 06:28:00,781,PHBKC,FALSE,10,64388,58598
2024-03-28|KL|0661||AMS,KL,661,28-3-2024,AMS,IAH,191619,192641,148063,"270,844,875",29-3-2024 06:28:00,772,PHBQI,FALSE,20,76104,67670
2024-03-28|KL|0835||AMS,KL,835,28-3-2024,AMS,SIN,230563,232467,173075,"264,197,115",29-3-2024 06:28:00,77W,PHBVB,FALSE,200,113861,104007
2024-03-28|KL|0855||AMS,KL,855,28-3-2024,AMS,ICN,193718,193934,148778,"301,362,807",29-3-2024 06:28:00,772,PHBQH,FALSE,50,84331,77650
2024-03-28|KL|0871||AMS,KL,871,28-3-2024,AMS,DEL,223754,223649,170971,"302,097,827",29-3-2024 06:28:00,77W,PHBVN,FALSE,200,73197,62722
2024-03-29|KL|0601||AMS,KL,601,29-3-2024,AMS,LAX,172538,172679,132825,"28,331,229",30-3-2024 06:27:00,781,PHBKM,FALSE,100,65058,59678
2024-03-29|KL|0605||AMS,KL,605,29-3-2024,AMS,SFO,171651,171797,132647,"311,875,642",30-3-2024 06:27:00,781,PHBKG,FALSE,100,65488,59697
2024-03-29|KL|0661||AMS,KL,661,29-3-2024,AMS,IAH,189635,190481,148274,"239,897,738",30-3-2024 06:27:00,772,PHBQE,FALSE,20,77179,68698
2024-03-29|KL|0835||AMS,KL,835,29-3-2024,AMS,SIN,222520,223209,172800,"308,608,184",30-3-2024 06:27:00,77W,PHBVI,FALSE,100,106782,97369
2024-03-29|KL|0855||AMS,KL,855,29-3-2024,AMS,ICN,190028,190642,148411,"287,429,316",30-3-2024 06:27:00,772,PHBQG,FALSE,50,81803,76289
2024-03-29|KL|0871||AMS,KL,871,29-3-2024,AMS,DEL,220588,221420,169597,"304,184,382",30-3-2024 06:27:00,77W,PHBVU,FALSE,20,70309,59045
2024-03-29|KL|0879||AMS,KL,879,29-3-2024,AMS,BLR,192731,193446,147479,"202,184,323",30-3-2024 06:27:00,772,PHBQA,FALSE,20,66004,58022
2024-03-30|KL|0601||AMS,KL,601,30-3-2024,AMS,LAX,174949,175932,132605,"250,873,238",31-3-2024 06:27:00,781,PHBKF,FALSE,220,68159,62637
2024-03-30|KL|0605||AMS,KL,605,30-3-2024,AMS,SFO,172297,173652,133106,"335,358,462",31-3-2024 06:27:00,781,PHBKL,FALSE,10,64327,58533
2024-03-30|KL|0661||AMS,KL,661,30-3-2024,AMS,IAH,192673,194046,148201,"22,144,101",31-3-2024 06:27:00,772,PHBQL,FALSE,50,77872,69391
2024-03-30|KL|0835||AMS,KL,835,30-3-2024,AMS,SIN,234291,234918,172286,"270,046,809",31-3-2024 06:27:00,77W,PHBVG,FALSE,100,113011,103120
2024-03-30|KL|0855||AMS,KL,855,30-3-2024,AMS,ICN,198009,197860,148125,"271,132,833",31-3-2024 06:27:00,772,PHBQC,FALSE,200,88489,82753
2024-03-30|KL|0871||AMS,KL,871,30-3-2024,AMS,DEL,215977,216907,171475,"337,618,825",31-3-2024 06:27:00,77W,PHBVA,FALSE,200,70383,60267
2024-03-31|KL|0601||AMS,KL,601,31-3-2024,AMS,LAX,180665,182354,133201,"318,461,836",1/4/2024 6:29,781,PHBKK,FALSE,220,67701,62148
2024-03-31|KL|0603||AMS,KL,603,31-3-2024,AMS,LAX,227633,228113,172520,"3,409,889",1/4/2024 6:29,77W,PHBVK,FALSE,200,92269,85271
2024-03-31|KL|0605||AMS,KL,605,31-3-2024,AMS,SFO,174866,175357,132725,"337,393,998",1/4/2024 6:29,781,PHBKA,FALSE,10,62585,56778
2024-03-31|KL|0661||AMS,KL,661,31-3-2024,AMS,IAH,161586,161987,127267,"283,318,322",1/4/2024 6:29,333,PHAKA,FALSE,100,68797,62005
2024-03-31|KL|0835||AMS,KL,835,31-3-2024,AMS,SIN,227691,229518,172125,"259,675,284",1/4/2024 6:29,77W,PHBVP,FALSE,20,110978,101253
2024-03-31|KL|0855||AMS,KL,855,31-3-2024,AMS,ICN,192705,192854,148238,"250,654,993",1/4/2024 6:29,772,PHBQK,FALSE,200,87886,82247
2024-03-31|KL|0871||AMS,KL,871,31-3-2024,AMS,DEL,174283,174310,132704,"301,722,919",1/4/2024 6:29,781,PHBKH,FALSE,220,51815,44125
2024-03-31|KL|0879||AMS,KL,879,31-3-2024,AMS,BLR,204738,205920,170919,"321,376,722",1/4/2024 6:29,77W,PHBVN,FALSE,20,71951,64586
2024-04-01|KL|0601||AMS,KL,601,1/4/2024,AMS,LAX,178275,179595,133402,"299,572,048",2/4/2024 6:29,781,PHBKI,FALSE,10,62371,57008
2024-04-01|KL|0603||AMS,KL,603,1/4/2024,AMS,LAX,172908,174108,133384,"256,962,887",2/4/2024 6:29,781,PHBKK,FALSE,10,60721,55490
2024-04-01|KL|0605||AMS,KL,605,1/4/2024,AMS,SFO,170278,170720,132386,"194,650,463",2/4/2024 6:29,781,PHBKD,FALSE,10,61870,56045
2024-04-01|KL|0661||AMS,KL,661,1/4/2024,AMS,IAH,161294,162524,127086,"255,805,411",2/4/2024 6:29,333,PHAKA,FALSE,50,68538,61234
2024-04-01|KL|0835||AMS,KL,835,1/4/2024,AMS,SIN,220437,220366,172446,"341,104,674",2/4/2024 6:29,77W,PHBVC,FALSE,20,111976,101258
2024-04-01|KL|0855||AMS,KL,855,1/4/2024,AMS,ICN,218226,218915,170537,"320,678,055",2/4/2024 6:29,77W,PHBVU,FALSE,200,100107,94167
2024-04-01|KL|0871||AMS,KL,871,1/4/2024,AMS,DEL,213685,214895,171028,"331,620,446",2/4/2024 6:29,77W,PHBVR,FALSE,300,72725,62477
